timestamp,date,time,open,high,low,close,volume
2020-01-09 09:00:00,09/01/2020,09:00:00,45.32,45.77,43.87,44.73,212861.927
2020-01-10 09:00:00,10/01/2020,09:00:00,44.73,49.63,43.8,49.04,384284.072
2020-01-11 09:00:00,11/01/2020,09:00:00,49.03,51.99,47.76,49.25,545784.433
2020-01-12 09:00:00,12/01/2020,09:00:00,49.3,51.75,48.78,51.33,528807.006
2020-01-13 09:00:00,13/01/2020,09:00:00,51.33,51.42,48.9,49.58,481361.43
2020-01-14 09:00:00,14/01/2020,09:00:00,49.6,61.21,49.58,58.55,1387911.639
2020-01-15 09:00:00,15/01/2020,09:00:00,58.55,60.37,55.36,58.2,677280.386
2020-01-16 09:00:00,16/01/2020,09:00:00,58.27,58.56,54.68,57.6,387334.981
2020-01-17 09:00:00,17/01/2020,09:00:00,57.64,63.39,56.83,61.15,699042.16
2020-01-18 09:00:00,18/01/2020,09:00:00,61.18,62.76,57.96,59.33,400679.659
2020-01-19 09:00:00,19/01/2020,09:00:00,59.38,62.7,55.35,57.64,439816.278
2020-01-20 09:00:00,20/01/2020,09:00:00,57.63,58.32,55.85,57.23,221200.071
2020-01-21 09:00:00,21/01/2020,09:00:00,57.26,58.15,56.0,57.59,176966.937
2020-01-22 09:00:00,22/01/2020,09:00:00,57.61,59.49,57.23,58.36,240476.89
2020-01-23 09:00:00,23/01/2020,09:00:00,58.36,58.46,52.14,54.5,390128.497
2020-01-24 09:00:00,24/01/2020,09:00:00,54.53,55.48,50.68,54.4,380824.766
2020-01-25 09:00:00,25/01/2020,09:00:00,54.38,54.43,52.18,53.28,214348.899
2020-01-26 09:00:00,26/01/2020,09:00:00,53.23,56.63,52.82,56.27,278686.132
2020-01-27 09:00:00,27/01/2020,09:00:00,56.32,59.68,55.92,58.6,361503.218
2020-01-28 09:00:00,28/01/2020,09:00:00,58.59,61.65,57.3,60.57,490260.107
2020-01-29 09:00:00,29/01/2020,09:00:00,60.58,62.78,59.48,59.86,514719.82
2020-01-30 09:00:00,30/01/2020,09:00:00,59.89,70.3,58.2,68.03,1130298.782
2020-01-31 09:00:00,31/01/2020,09:00:00,68.01,70.1,65.41,68.01,1316496.14
2020-02-01 09:00:00,01/02/2020,09:00:00,68.08,73.0,67.67,70.73,1214559.486
2020-02-02 09:00:00,02/02/2020,09:00:00,70.74,73.61,67.45,70.01,1067588.624
2020-02-03 09:00:00,03/02/2020,09:00:00,69.99,73.1,68.57,69.69,908404.842
2020-02-04 09:00:00,04/02/2020,09:00:00,69.7,70.55,66.74,68.15,864721.179
2020-02-05 09:00:00,05/02/2020,09:00:00,68.14,73.54,67.74,72.7,938936.749
2020-02-06 09:00:00,06/02/2020,09:00:00,72.7,75.2,71.02,73.68,885328.176
2020-02-07 09:00:00,07/02/2020,09:00:00,73.72,75.56,72.97,74.4,753271.791
2020-02-08 09:00:00,08/02/2020,09:00:00,74.39,77.99,71.59,76.66,907541.871
2020-02-09 09:00:00,09/02/2020,09:00:00,76.66,78.52,75.0,77.09,867779.427
2020-02-10 09:00:00,10/02/2020,09:00:00,77.1,77.65,72.54,74.09,1160040.655
2020-02-11 09:00:00,11/02/2020,09:00:00,74.07,77.6,72.77,76.6,936902.251
2020-02-12 09:00:00,12/02/2020,09:00:00,76.6,83.1,76.6,81.31,1370117.76
2020-02-13 09:00:00,13/02/2020,09:00:00,81.31,84.78,75.24,80.68,1628544.558
2020-02-14 09:00:00,14/02/2020,09:00:00,80.69,83.92,78.72,83.14,894633.684
2020-02-15 09:00:00,15/02/2020,09:00:00,83.15,83.64,74.81,76.8,922664.131
2020-02-16 09:00:00,16/02/2020,09:00:00,76.78,80.85,67.34,74.9,1179931.913
2020-02-17 09:00:00,17/02/2020,09:00:00,74.74,75.66,68.58,73.6,1027609.908
2020-02-18 09:00:00,18/02/2020,09:00:00,73.54,79.2,70.04,77.39,759448.8
2020-02-19 09:00:00,19/02/2020,09:00:00,77.39,79.73,64.31,70.56,1082076.133
2020-02-20 09:00:00,20/02/2020,09:00:00,70.65,72.52,66.15,69.44,791753.105
2020-02-21 09:00:00,21/02/2020,09:00:00,69.44,75.48,68.57,73.33,1146695.16
2020-02-22 09:00:00,22/02/2020,09:00:00,73.33,76.85,72.43,74.79,1153653.768
2020-02-23 09:00:00,23/02/2020,09:00:00,74.8,80.08,74.71,79.66,1309914.943
2020-02-24 09:00:00,24/02/2020,09:00:00,79.62,79.84,71.69,75.64,1871316.693
2020-02-25 09:00:00,25/02/2020,09:00:00,75.64,76.19,69.46,71.03,1637648.766
2020-02-26 09:00:00,26/02/2020,09:00:00,71.05,72.18,57.4,60.52,2240594.829
2020-02-27 09:00:00,27/02/2020,09:00:00,60.57,65.2,57.09,61.78,1630138.399
2020-02-28 09:00:00,28/02/2020,09:00:00,61.79,63.44,56.56,59.95,1676427.006
2020-02-29 09:00:00,29/02/2020,09:00:00,59.92,61.72,57.87,58.12,966106.269
2020-03-01 09:00:00,01/03/2020,09:00:00,58.11,60.34,56.24,57.78,1010214.686
2020-03-02 09:00:00,02/03/2020,09:00:00,57.77,62.39,57.25,61.52,943139.957
2020-03-03 09:00:00,03/03/2020,09:00:00,61.52,62.54,59.41,61.09,909566.311
2020-03-04 09:00:00,04/03/2020,09:00:00,61.09,61.87,58.79,60.4,662911.146
2020-03-05 09:00:00,05/03/2020,09:00:00,60.39,63.33,60.39,62.11,768020.447
2020-03-06 09:00:00,06/03/2020,09:00:00,62.11,63.9,61.24,63.31,783058.83
2020-03-07 09:00:00,07/03/2020,09:00:00,63.31,64.02,60.0,60.49,813703.963
2020-03-08 09:00:00,08/03/2020,09:00:00,60.5,60.5,50.28,50.99,1439119.706
2020-03-09 09:00:00,09/03/2020,09:00:00,51.08,52.29,46.63,50.37,2124369.893
2020-03-10 09:00:00,10/03/2020,09:00:00,50.37,51.44,48.92,50.28,1090385.567
2020-03-11 09:00:00,11/03/2020,09:00:00,50.28,50.79,45.52,48.59,1158315.318
2020-03-12 09:00:00,12/03/2020,09:00:00,48.59,48.82,28.32,29.67,3705544.106
2020-03-13 09:00:00,13/03/2020,09:00:00,29.64,39.6,23.68,37.54,5026424.181
2020-03-14 09:00:00,14/03/2020,09:00:00,37.5,37.62,33.79,34.42,1215517.524
2020-03-15 09:00:00,15/03/2020,09:00:00,34.41,38.77,34.04,36.42,1155495.19
2020-03-16 09:00:00,16/03/2020,09:00:00,36.4,36.43,29.23,33.19,1564263.936
2020-03-17 09:00:00,17/03/2020,09:00:00,33.19,35.84,32.38,34.07,969866.688
2020-03-18 09:00:00,18/03/2020,09:00:00,34.06,34.84,32.29,34.7,1110479.139
2020-03-19 09:00:00,19/03/2020,09:00:00,34.71,40.85,34.0,38.92,1111838.022
2020-03-20 09:00:00,20/03/2020,09:00:00,38.88,43.78,33.91,38.12,1519922.49
2020-03-21 09:00:00,21/03/2020,09:00:00,38.11,39.86,36.14,38.33,835591.096
2020-03-22 09:00:00,22/03/2020,09:00:00,38.33,39.69,34.83,35.42,891288.331
2020-03-23 09:00:00,23/03/2020,09:00:00,35.41,40.26,34.51,38.99,1048406.694
2020-03-24 09:00:00,24/03/2020,09:00:00,38.97,41.06,38.24,40.59,711095.325
2020-03-25 09:00:00,25/03/2020,09:00:00,40.57,41.09,38.04,39.19,717235.302
2020-03-26 09:00:00,26/03/2020,09:00:00,39.19,40.53,38.43,40.44,587118.427
2020-03-27 09:00:00,27/03/2020,09:00:00,40.44,41.3,37.38,38.02,716211.364
2020-03-28 09:00:00,28/03/2020,09:00:00,38.02,39.43,36.57,38.88,825505.156
2020-03-29 09:00:00,29/03/2020,09:00:00,38.84,39.14,36.98,37.12,519957.867
2020-03-30 09:00:00,30/03/2020,09:00:00,37.1,39.73,37.1,38.96,575402.083
2020-03-31 09:00:00,31/03/2020,09:00:00,38.96,39.34,38.3,39.09,429058.696
2020-04-01 09:00:00,01/04/2020,09:00:00,39.1,39.54,37.09,39.24,598364.107
2020-04-02 09:00:00,02/04/2020,09:00:00,39.24,43.16,39.02,39.92,720282.57
2020-04-03 09:00:00,03/04/2020,09:00:00,39.94,41.27,39.66,40.51,535016.151
2020-04-04 09:00:00,04/04/2020,09:00:00,40.51,41.19,39.91,40.75,468072.633
2020-04-05 09:00:00,05/04/2020,09:00:00,40.76,41.03,39.87,40.37,284336.869
2020-04-06 09:00:00,06/04/2020,09:00:00,40.34,45.13,40.33,45.08,576532.596
2020-04-07 09:00:00,07/04/2020,09:00:00,45.06,47.72,43.67,44.83,980263.344
2020-04-08 09:00:00,08/04/2020,09:00:00,44.82,47.25,44.32,46.59,744337.578
2020-04-09 09:00:00,09/04/2020,09:00:00,46.57,46.94,44.71,46.28,494460.313
2020-04-10 09:00:00,10/04/2020,09:00:00,46.27,46.44,40.86,42.3,929015.121
2020-04-11 09:00:00,11/04/2020,09:00:00,42.28,43.2,41.42,42.55,384372.228
2020-04-12 09:00:00,12/04/2020,09:00:00,42.52,43.6,41.84,41.98,511521.495
2020-04-13 09:00:00,13/04/2020,09:00:00,41.98,41.99,39.43,41.2,936013.692
2020-04-14 09:00:00,14/04/2020,09:00:00,41.21,41.83,40.46,41.2,515098.221
2020-04-15 09:00:00,15/04/2020,09:00:00,41.21,41.77,39.06,39.21,480625.519
2020-04-16 09:00:00,16/04/2020,09:00:00,39.2,43.8,37.87,42.54,901247.417
2020-04-17 09:00:00,17/04/2020,09:00:00,42.54,43.02,41.62,42.19,449130.633
2020-04-18 09:00:00,18/04/2020,09:00:00,42.16,44.46,41.97,44.12,618666.97
2020-04-19 09:00:00,19/04/2020,09:00:00,44.13,44.3,41.5,42.23,721781.477
2020-04-20 09:00:00,20/04/2020,09:00:00,42.2,43.25,39.54,40.19,868956.977
2020-04-21 09:00:00,21/04/2020,09:00:00,40.19,41.35,40.0,40.59,584108.609
2020-04-22 09:00:00,22/04/2020,09:00:00,40.57,42.46,40.28,41.83,543528.767
2020-04-23 09:00:00,23/04/2020,09:00:00,41.83,43.98,40.94,43.0,900219.801
2020-04-24 09:00:00,24/04/2020,09:00:00,43.0,45.06,42.86,44.59,1159409.673
2020-04-25 09:00:00,25/04/2020,09:00:00,44.59,45.67,43.9,44.41,1046864.832
2020-04-26 09:00:00,26/04/2020,09:00:00,44.41,45.45,43.62,44.56,754525.085
2020-04-27 09:00:00,27/04/2020,09:00:00,44.58,45.29,43.2,44.53,679362.605
2020-04-28 09:00:00,28/04/2020,09:00:00,44.5,46.2,43.46,45.75,756146.843
2020-04-29 09:00:00,29/04/2020,09:00:00,45.75,50.16,45.67,48.85,1821735.765
2020-04-30 09:00:00,30/04/2020,09:00:00,48.84,50.89,45.61,46.39,1787959.771
2020-05-01 09:00:00,01/05/2020,09:00:00,46.37,48.35,46.36,47.11,793918.34
2020-05-02 09:00:00,02/05/2020,09:00:00,47.11,49.71,46.77,49.22,728683.621
2020-05-03 09:00:00,03/05/2020,09:00:00,49.24,50.09,46.59,48.11,1038104.995
2020-05-04 09:00:00,04/05/2020,09:00:00,48.12,48.24,45.16,47.0,1132834.533
2020-05-05 09:00:00,05/05/2020,09:00:00,46.99,47.79,45.66,46.58,693477.288
2020-05-06 09:00:00,06/05/2020,09:00:00,46.58,47.6,44.45,44.95,643145.403
2020-05-07 09:00:00,07/05/2020,09:00:00,44.94,48.3,44.29,47.39,1032222.714
2020-05-08 09:00:00,08/05/2020,09:00:00,47.39,48.51,46.35,47.75,866151.502
2020-05-09 09:00:00,09/05/2020,09:00:00,47.72,49.21,46.82,47.0,1189422.448
2020-05-10 09:00:00,10/05/2020,09:00:00,47.0,47.08,39.0,42.04,1942988.152
2020-05-11 09:00:00,11/05/2020,09:00:00,42.04,42.86,39.24,41.51,1038174.698
2020-05-12 09:00:00,12/05/2020,09:00:00,41.49,42.86,41.22,42.2,740169.862
2020-05-13 09:00:00,13/05/2020,09:00:00,42.2,43.77,41.88,43.19,547383.902
2020-05-14 09:00:00,14/05/2020,09:00:00,43.17,44.4,42.18,43.98,614400.126
2020-05-15 09:00:00,15/05/2020,09:00:00,43.96,44.13,41.78,42.72,626020.859
2020-05-16 09:00:00,16/05/2020,09:00:00,42.73,43.89,42.47,43.26,559203.547
2020-05-17 09:00:00,17/05/2020,09:00:00,43.26,44.52,43.1,43.68,449103.438
2020-05-18 09:00:00,18/05/2020,09:00:00,43.68,46.61,43.63,45.35,881373.275
2020-05-19 09:00:00,19/05/2020,09:00:00,45.34,45.83,44.08,45.75,522733.736
2020-05-20 09:00:00,20/05/2020,09:00:00,45.72,46.16,43.09,44.26,717318.939
2020-05-21 09:00:00,21/05/2020,09:00:00,44.25,44.64,41.59,42.72,756210.608
2020-05-22 09:00:00,22/05/2020,09:00:00,42.73,44.7,42.33,44.23,552276.041
2020-05-23 09:00:00,23/05/2020,09:00:00,44.23,44.73,43.65,43.84,360879.101
2020-05-24 09:00:00,24/05/2020,09:00:00,43.84,44.55,41.97,42.04,490552.496
2020-05-25 09:00:00,25/05/2020,09:00:00,42.05,43.33,41.63,42.97,459224.491
2020-05-26 09:00:00,26/05/2020,09:00:00,42.98,43.08,41.72,42.25,371842.37
2020-05-27 09:00:00,27/05/2020,09:00:00,42.25,44.04,42.2,43.86,420442.967
2020-05-28 09:00:00,28/05/2020,09:00:00,43.87,44.92,43.13,44.77,388725.011
2020-05-29 09:00:00,29/05/2020,09:00:00,44.77,45.33,44.18,44.53,385714.208
2020-05-30 09:00:00,30/05/2020,09:00:00,44.51,48.27,44.17,47.77,745144.83
2020-05-31 09:00:00,31/05/2020,09:00:00,47.77,47.88,45.1,45.65,719423.627
2020-06-01 09:00:00,01/06/2020,09:00:00,45.64,48.89,45.38,48.38,927443.804
2020-06-02 09:00:00,02/06/2020,09:00:00,48.37,50.06,43.7,46.0,1222979.176
2020-06-03 09:00:00,03/06/2020,09:00:00,46.0,47.57,45.28,47.18,714620.147
2020-06-04 09:00:00,04/06/2020,09:00:00,47.2,48.14,46.25,47.49,845405.123
2020-06-05 09:00:00,05/06/2020,09:00:00,47.49,48.03,46.43,46.84,621559.174
2020-06-06 09:00:00,06/06/2020,09:00:00,46.84,47.3,46.1,46.8,405456.161
2020-06-07 09:00:00,07/06/2020,09:00:00,46.82,47.0,45.08,46.63,640220.28
2020-06-08 09:00:00,08/06/2020,09:00:00,46.63,46.84,45.98,46.48,384909.073
2020-06-09 09:00:00,09/06/2020,09:00:00,46.47,46.88,45.3,45.9,487133.695
2020-06-10 09:00:00,10/06/2020,09:00:00,45.91,47.25,45.68,46.7,580202.563
2020-06-11 09:00:00,11/06/2020,09:00:00,46.69,46.99,41.86,43.23,758938.766
2020-06-12 09:00:00,12/06/2020,09:00:00,43.22,45.39,42.77,44.76,473526.629
2020-06-13 09:00:00,13/06/2020,09:00:00,44.76,45.25,44.28,45.11,327477.706
2020-06-14 09:00:00,14/06/2020,09:00:00,45.11,45.14,43.55,44.03,316390.306
2020-06-15 09:00:00,15/06/2020,09:00:00,44.05,44.11,41.7,43.74,530926.697
2020-06-16 09:00:00,16/06/2020,09:00:00,43.74,44.22,43.28,43.87,287345.9
2020-06-17 09:00:00,17/06/2020,09:00:00,43.88,45.06,43.01,44.06,542801.204
2020-06-18 09:00:00,18/06/2020,09:00:00,44.06,44.27,42.89,43.44,289279.371
2020-06-19 09:00:00,19/06/2020,09:00:00,43.45,43.8,42.58,42.89,364043.932
2020-06-20 09:00:00,20/06/2020,09:00:00,42.89,43.88,42.22,43.58,304930.613
2020-06-21 09:00:00,21/06/2020,09:00:00,43.58,43.86,42.91,43.04,201921.073
2020-06-22 09:00:00,22/06/2020,09:00:00,43.04,44.7,42.96,44.34,384921.153
2020-06-23 09:00:00,23/06/2020,09:00:00,44.34,44.52,43.91,44.23,249083.336
2020-06-24 09:00:00,24/06/2020,09:00:00,44.22,44.74,42.07,42.65,569436.144
2020-06-25 09:00:00,25/06/2020,09:00:00,42.65,43.05,41.6,42.35,290719.624
2020-06-26 09:00:00,26/06/2020,09:00:00,42.35,43.6,41.36,43.12,675315.879
2020-06-27 09:00:00,27/06/2020,09:00:00,43.12,43.17,38.94,41.06,742733.163
2020-06-28 09:00:00,28/06/2020,09:00:00,41.05,42.05,40.43,41.37,378517.22
2020-06-29 09:00:00,29/06/2020,09:00:00,41.37,42.33,40.59,41.88,513348.652
2020-06-30 09:00:00,30/06/2020,09:00:00,41.89,42.09,40.75,41.19,307520.398
2020-07-01 09:00:00,01/07/2020,09:00:00,41.19,42.04,40.96,41.76,333486.282
2020-07-02 09:00:00,02/07/2020,09:00:00,41.78,41.9,40.27,41.04,466479.653
2020-07-03 09:00:00,03/07/2020,09:00:00,41.03,41.72,40.89,41.16,297792.219
2020-07-04 09:00:00,04/07/2020,09:00:00,41.15,42.25,41.06,42.14,461625.885
2020-07-05 09:00:00,05/07/2020,09:00:00,42.14,42.23,40.72,41.6,423079.296
2020-07-06 09:00:00,06/07/2020,09:00:00,41.59,44.38,41.52,44.09,593198.71
2020-07-07 09:00:00,07/07/2020,09:00:00,44.08,44.54,43.06,43.42,425469.372
2020-07-08 09:00:00,08/07/2020,09:00:00,43.42,45.66,43.12,45.39,836723.839
2020-07-09 09:00:00,09/07/2020,09:00:00,45.39,45.98,43.63,44.37,945542.413
2020-07-10 09:00:00,10/07/2020,09:00:00,44.37,44.69,43.45,44.36,517516.307
2020-07-11 09:00:00,11/07/2020,09:00:00,44.36,44.84,43.81,44.73,395085.883
2020-07-12 09:00:00,12/07/2020,09:00:00,44.73,45.41,43.69,44.78,690730.96
2020-07-13 09:00:00,13/07/2020,09:00:00,44.79,45.68,42.55,43.95,1009908.617
2020-07-14 09:00:00,14/07/2020,09:00:00,43.94,44.13,42.88,43.93,587941.579
2020-07-15 09:00:00,15/07/2020,09:00:00,43.94,44.12,42.91,43.37,457458.126
2020-07-16 09:00:00,16/07/2020,09:00:00,43.37,43.54,40.8,42.12,756081.598
2020-07-17 09:00:00,17/07/2020,09:00:00,42.12,42.53,41.65,41.93,442280.646
2020-07-18 09:00:00,18/07/2020,09:00:00,41.91,42.94,41.75,42.49,355686.999
2020-07-19 09:00:00,19/07/2020,09:00:00,42.49,42.9,41.84,42.69,333980.41
2020-07-20 09:00:00,20/07/2020,09:00:00,42.69,42.84,41.34,41.95,398330.73
2020-07-21 09:00:00,21/07/2020,09:00:00,41.95,44.13,41.88,43.79,672708.649
2020-07-22 09:00:00,22/07/2020,09:00:00,43.79,45.18,43.22,45.03,589440.16
2020-07-23 09:00:00,23/07/2020,09:00:00,45.03,45.8,44.49,45.0,842831.98
2020-07-24 09:00:00,24/07/2020,09:00:00,45.01,45.03,44.0,44.18,638390.46
2020-07-25 09:00:00,25/07/2020,09:00:00,44.19,49.66,44.11,49.22,2486589.073
2020-07-26 09:00:00,26/07/2020,09:00:00,49.22,50.9,47.26,48.13,2451319.852
2020-07-27 09:00:00,27/07/2020,09:00:00,48.14,56.1,46.7,53.41,3945312.35
2020-07-28 09:00:00,28/07/2020,09:00:00,53.41,58.35,51.6,55.79,4755599.984
2020-07-29 09:00:00,29/07/2020,09:00:00,55.8,57.04,54.65,55.19,2176931.227
2020-07-30 09:00:00,30/07/2020,09:00:00,55.2,58.73,53.95,56.82,2447266.605
2020-07-31 09:00:00,31/07/2020,09:00:00,56.83,59.37,55.85,58.22,1800745.758
2020-08-01 09:00:00,01/08/2020,09:00:00,58.22,62.51,57.59,61.68,2718035.185
2020-08-02 09:00:00,02/08/2020,09:00:00,61.69,65.43,51.0,56.84,3762472.647
2020-08-03 09:00:00,03/08/2020,09:00:00,56.84,60.12,55.7,58.57,1710164.404
2020-08-04 09:00:00,04/08/2020,09:00:00,58.54,59.7,56.36,57.69,1548717.024
2020-08-05 09:00:00,05/08/2020,09:00:00,57.69,59.88,56.81,58.91,1860999.03
2020-08-06 09:00:00,06/08/2020,09:00:00,58.91,60.83,57.76,59.13,1959152.648
2020-08-07 09:00:00,07/08/2020,09:00:00,59.13,61.17,54.59,57.2,2087286.232
2020-08-08 09:00:00,08/08/2020,09:00:00,57.24,58.64,56.51,58.53,853817.599
2020-08-09 09:00:00,09/08/2020,09:00:00,58.53,58.8,55.84,57.04,933965.373
2020-08-10 09:00:00,10/08/2020,09:00:00,57.03,59.53,56.19,58.36,1570329.009
2020-08-11 09:00:00,11/08/2020,09:00:00,58.35,59.8,52.33,54.14,1899468.289
2020-08-12 09:00:00,12/08/2020,09:00:00,54.12,55.13,51.51,54.57,1180956.472
2020-08-13 09:00:00,13/08/2020,09:00:00,54.58,57.4,51.85,57.2,2041261.893
2020-08-14 09:00:00,14/08/2020,09:00:00,57.2,57.96,55.88,56.86,1763149.645
2020-08-15 09:00:00,15/08/2020,09:00:00,56.85,61.08,56.51,59.89,2581491.523
2020-08-16 09:00:00,16/08/2020,09:00:00,59.93,64.83,57.6,64.02,3641865.023
2020-08-17 09:00:00,17/08/2020,09:00:00,64.02,69.08,61.31,67.32,4660661.396
2020-08-18 09:00:00,18/08/2020,09:00:00,67.34,68.56,63.3,65.51,3990551.031
2020-08-19 09:00:00,19/08/2020,09:00:00,65.5,67.26,58.75,62.13,3267905.641
2020-08-20 09:00:00,20/08/2020,09:00:00,62.15,63.78,61.02,62.87,1763007.622
2020-08-21 09:00:00,21/08/2020,09:00:00,62.88,64.0,58.81,59.23,2044205.03
2020-08-22 09:00:00,22/08/2020,09:00:00,59.25,60.61,57.8,60.28,1170891.764
2020-08-23 09:00:00,23/08/2020,09:00:00,60.27,61.7,58.06,60.62,1096453.667
2020-08-24 09:00:00,24/08/2020,09:00:00,60.62,63.09,60.02,62.11,1341328.691
2020-08-25 09:00:00,25/08/2020,09:00:00,62.1,62.38,56.65,58.36,2141069.74
2020-08-26 09:00:00,26/08/2020,09:00:00,58.36,59.21,57.04,58.2,1470618.167
2020-08-27 09:00:00,27/08/2020,09:00:00,58.2,59.36,53.85,56.16,1812016.056
2020-08-28 09:00:00,28/08/2020,09:00:00,56.17,58.33,55.37,57.4,986124.913
2020-08-29 09:00:00,29/08/2020,09:00:00,57.45,58.25,56.97,57.01,798103.459
2020-08-30 09:00:00,30/08/2020,09:00:00,57.01,63.07,56.96,62.99,1528564.383
2020-08-31 09:00:00,31/08/2020,09:00:00,63.0,63.77,60.58,61.01,1674264.677
2020-09-01 09:00:00,01/09/2020,09:00:00,61.0,64.5,59.75,62.76,2301004.148
2020-09-02 09:00:00,02/09/2020,09:00:00,62.75,63.3,56.2,58.09,1896107.486
2020-09-03 09:00:00,03/09/2020,09:00:00,58.11,58.71,45.08,47.28,2159754.988
2020-09-04 09:00:00,04/09/2020,09:00:00,47.28,52.36,46.12,50.3,2576694.094
2020-09-05 09:00:00,05/09/2020,09:00:00,50.3,51.31,45.06,47.83,1852494.656
2020-09-06 09:00:00,06/09/2020,09:00:00,47.84,49.22,46.26,47.91,1111385.985
2020-09-07 09:00:00,07/09/2020,09:00:00,47.9,49.21,45.18,48.88,1306343.575
2020-09-08 09:00:00,08/09/2020,09:00:00,48.88,49.38,45.95,47.46,1296282.933
2020-09-09 09:00:00,09/09/2020,09:00:00,47.46,48.84,46.51,47.84,733485.399
2020-09-10 09:00:00,10/09/2020,09:00:00,47.83,49.45,47.78,48.68,792947.663
2020-09-11 09:00:00,11/09/2020,09:00:00,48.67,49.44,47.36,48.96,680173.186
2020-09-12 09:00:00,12/09/2020,09:00:00,48.94,51.37,48.4,50.87,741652.12
2020-09-13 09:00:00,13/09/2020,09:00:00,50.86,51.12,47.27,48.19,876356.425
2020-09-14 09:00:00,14/09/2020,09:00:00,48.18,49.67,47.09,49.12,837579.97
2020-09-15 09:00:00,15/09/2020,09:00:00,49.14,50.39,48.1,48.33,981141.236
2020-09-16 09:00:00,16/09/2020,09:00:00,48.33,48.75,46.94,47.74,802130.757
2020-09-17 09:00:00,17/09/2020,09:00:00,47.74,49.73,47.62,48.88,690689.811
2020-09-18 09:00:00,18/09/2020,09:00:00,48.88,49.12,47.48,48.59,500056.784
2020-09-19 09:00:00,19/09/2020,09:00:00,48.59,49.08,47.96,48.56,410834.385
2020-09-20 09:00:00,20/09/2020,09:00:00,48.55,48.57,46.17,47.1,687438.696
2020-09-21 09:00:00,21/09/2020,09:00:00,47.11,47.69,41.51,43.15,1315111.858
2020-09-22 09:00:00,22/09/2020,09:00:00,43.15,44.82,42.74,44.47,701448.096
2020-09-23 09:00:00,23/09/2020,09:00:00,44.46,45.19,42.21,43.0,870968.35
2020-09-24 09:00:00,24/09/2020,09:00:00,42.99,45.28,42.55,44.94,750418.361
2020-09-25 09:00:00,25/09/2020,09:00:00,44.93,46.59,43.96,46.04,822082.422
2020-09-26 09:00:00,26/09/2020,09:00:00,46.03,46.57,45.08,46.02,499553.83
2020-09-27 09:00:00,27/09/2020,09:00:00,46.02,46.64,44.51,46.04,646779.716
2020-09-28 09:00:00,28/09/2020,09:00:00,46.05,47.19,44.73,45.23,748666.914
2020-09-29 09:00:00,29/09/2020,09:00:00,45.23,45.88,44.93,45.69,506773.525
2020-09-30 09:00:00,30/09/2020,09:00:00,45.68,46.75,45.42,46.29,490985.096
2020-10-01 09:00:00,01/10/2020,09:00:00,46.28,48.5,45.15,46.27,1071424.286
2020-10-02 09:00:00,02/10/2020,09:00:00,46.27,46.99,43.17,44.91,995480.795
2020-10-03 09:00:00,03/10/2020,09:00:00,44.92,45.98,44.73,45.5,313185.734
2020-10-04 09:00:00,04/10/2020,09:00:00,45.51,47.09,45.28,46.7,375687.555
2020-10-05 09:00:00,05/10/2020,09:00:00,46.69,47.1,45.51,46.32,416752.691
2020-10-06 09:00:00,06/10/2020,09:00:00,46.33,48.25,45.48,46.02,852953.323
2020-10-07 09:00:00,07/10/2020,09:00:00,46.02,46.96,45.0,46.58,624105.371
2020-10-08 09:00:00,08/10/2020,09:00:00,46.57,47.53,45.36,47.24,715479.784
2020-10-09 09:00:00,09/10/2020,09:00:00,47.22,48.26,46.62,47.8,801026.709
2020-10-10 09:00:00,10/10/2020,09:00:00,47.8,50.79,47.76,48.93,967719.907
2020-10-11 09:00:00,11/10/2020,09:00:00,48.93,51.3,48.68,50.51,1128406.506
2020-10-12 09:00:00,12/10/2020,09:00:00,50.51,51.58,49.16,50.64,1453327.147
2020-10-13 09:00:00,13/10/2020,09:00:00,50.64,50.77,48.77,49.93,1159048.634
2020-10-14 09:00:00,14/10/2020,09:00:00,49.94,51.11,49.31,49.84,1304710.98
2020-10-15 09:00:00,15/10/2020,09:00:00,49.84,50.27,48.8,49.57,1021573.987
2020-10-16 09:00:00,16/10/2020,09:00:00,49.57,49.9,45.5,47.58,1346942.39
2020-10-17 09:00:00,17/10/2020,09:00:00,47.59,47.64,46.22,46.92,545267.582
2020-10-18 09:00:00,18/10/2020,09:00:00,46.91,47.99,46.76,47.52,349908.775
2020-10-19 09:00:00,19/10/2020,09:00:00,47.52,48.46,46.76,48.01,762678.659
2020-10-20 09:00:00,20/10/2020,09:00:00,48.0,48.48,46.37,46.91,949189.075
2020-10-21 09:00:00,21/10/2020,09:00:00,46.91,55.06,46.89,53.04,3083156.196
2020-10-22 09:00:00,22/10/2020,09:00:00,53.04,56.35,53.02,54.4,2948546.29
2020-10-23 09:00:00,23/10/2020,09:00:00,54.4,57.03,53.07,55.5,2368034.172
2020-10-24 09:00:00,24/10/2020,09:00:00,55.5,59.73,54.87,59.25,2318065.532
2020-10-25 09:00:00,25/10/2020,09:00:00,59.25,60.07,56.55,58.86,2277059.171
2020-10-26 09:00:00,26/10/2020,09:00:00,58.86,59.37,54.97,56.84,2708097.796
2020-10-27 09:00:00,27/10/2020,09:00:00,56.83,59.14,56.51,57.95,2246632.382
2020-10-28 09:00:00,28/10/2020,09:00:00,57.95,60.62,54.72,55.78,2850857.824
2020-10-29 09:00:00,29/10/2020,09:00:00,55.78,56.59,53.36,54.91,1801333.875
2020-10-30 09:00:00,30/10/2020,09:00:00,54.92,55.82,52.13,54.01,1720301.503
2020-10-31 09:00:00,31/10/2020,09:00:00,54.02,56.5,53.61,55.71,1486080.84
2020-11-01 09:00:00,01/11/2020,09:00:00,55.71,56.23,54.07,55.6,925187.053
2020-11-02 09:00:00,02/11/2020,09:00:00,55.61,56.82,53.02,53.8,1545138.137
2020-11-03 09:00:00,03/11/2020,09:00:00,53.82,54.4,51.0,53.97,1478446.773
2020-11-04 09:00:00,04/11/2020,09:00:00,53.97,55.2,51.61,54.69,1934417.957
2020-11-05 09:00:00,05/11/2020,09:00:00,54.72,59.8,54.65,58.99,2802829.751
2020-11-06 09:00:00,06/11/2020,09:00:00,58.99,63.81,58.63,63.28,3638509.399
2020-11-07 09:00:00,07/11/2020,09:00:00,63.31,64.94,57.06,58.98,3450081.781
2020-11-08 09:00:00,08/11/2020,09:00:00,58.99,62.07,58.57,61.05,1694542.556
2020-11-09 09:00:00,09/11/2020,09:00:00,61.04,62.0,57.5,59.28,2325932.165
2020-11-10 09:00:00,10/11/2020,09:00:00,59.29,59.66,57.0,58.01,1675689.503
2020-11-11 09:00:00,11/11/2020,09:00:00,58.0,60.61,57.84,59.35,2217745.851
2020-11-12 09:00:00,12/11/2020,09:00:00,59.35,60.89,57.55,60.82,2408993.613
2020-11-13 09:00:00,13/11/2020,09:00:00,60.81,66.72,60.16,66.02,4433657.557
2020-11-14 09:00:00,14/11/2020,09:00:00,66.02,66.37,61.5,63.86,2210781.921
2020-11-15 09:00:00,15/11/2020,09:00:00,63.85,64.47,61.0,62.34,1580860.843
2020-11-16 09:00:00,16/11/2020,09:00:00,62.34,74.63,62.1,73.86,6007623.228
2020-11-17 09:00:00,17/11/2020,09:00:00,73.86,77.2,71.25,76.48,5504337.267
2020-11-18 09:00:00,18/11/2020,09:00:00,76.47,77.39,67.3,73.44,5668647.589
2020-11-19 09:00:00,19/11/2020,09:00:00,73.46,83.46,71.51,81.58,6066646.194
2020-11-20 09:00:00,20/11/2020,09:00:00,81.57,85.72,80.07,82.64,4867968.519
2020-11-21 09:00:00,21/11/2020,09:00:00,82.65,88.73,80.1,87.32,5478401.293
2020-11-22 09:00:00,22/11/2020,09:00:00,87.35,88.3,77.6,82.95,4705897.092
2020-11-23 09:00:00,23/11/2020,09:00:00,82.94,91.28,81.04,89.21,5246031.319
2020-11-24 09:00:00,24/11/2020,09:00:00,89.17,94.5,85.48,89.47,5833777.648
2020-11-25 09:00:00,25/11/2020,09:00:00,89.46,90.94,78.0,81.83,3694621.832
2020-11-26 09:00:00,26/11/2020,09:00:00,81.85,83.34,64.45,71.06,7319728.034
2020-11-27 09:00:00,27/11/2020,09:00:00,71.05,73.56,65.3,69.22,3650595.196
2020-11-28 09:00:00,28/11/2020,09:00:00,69.19,74.98,68.27,72.64,3273194.782
2020-11-29 09:00:00,29/11/2020,09:00:00,72.66,81.12,71.49,78.95,3552312.473
2020-11-30 09:00:00,30/11/2020,09:00:00,78.95,88.68,76.67,87.75,4637018.262
2020-12-01 09:00:00,01/12/2020,09:00:00,87.77,93.2,79.3,85.16,7918179.223
2020-12-02 09:00:00,02/12/2020,09:00:00,85.15,90.75,82.62,88.98,4086326.425
2020-12-03 09:00:00,03/12/2020,09:00:00,89.0,91.5,85.5,89.05,3797959.567
2020-12-04 09:00:00,04/12/2020,09:00:00,89.05,89.97,77.54,79.54,3395213.278
2020-12-05 09:00:00,05/12/2020,09:00:00,79.54,84.29,78.64,83.21,1946193.719
2020-12-06 09:00:00,06/12/2020,09:00:00,83.22,85.27,80.36,83.64,1715505.48
2020-12-07 09:00:00,07/12/2020,09:00:00,83.62,87.01,81.78,83.43,2536058.718
2020-12-08 09:00:00,08/12/2020,09:00:00,83.46,84.85,75.38,76.74,2521838.944
2020-12-09 09:00:00,09/12/2020,09:00:00,76.76,78.18,72.12,77.41,2502057.619
2020-12-10 09:00:00,10/12/2020,09:00:00,77.4,77.65,73.11,74.73,1593866.494
2020-12-11 09:00:00,11/12/2020,09:00:00,74.74,75.12,69.8,72.22,2599196.229
2020-12-12 09:00:00,12/12/2020,09:00:00,72.21,77.56,71.99,76.63,1774905.153
2020-12-13 09:00:00,13/12/2020,09:00:00,76.64,84.37,75.48,82.3,2363064.632
2020-12-14 09:00:00,14/12/2020,09:00:00,82.28,83.0,79.13,82.38,2297953.554
2020-12-15 09:00:00,15/12/2020,09:00:00,82.37,85.0,80.41,81.35,2548882.483
2020-12-16 09:00:00,16/12/2020,09:00:00,81.39,93.45,78.33,93.05,4756813.74
2020-12-17 09:00:00,17/12/2020,09:00:00,93.03,110.0,90.52,101.09,10810004.404
2020-12-18 09:00:00,18/12/2020,09:00:00,101.09,113.02,99.21,109.43,7337280.897
2020-12-19 09:00:00,19/12/2020,09:00:00,109.45,124.42,105.47,119.91,6361308.528
2020-12-20 09:00:00,20/12/2020,09:00:00,119.92,123.34,110.0,114.68,6162094.03
2020-12-21 09:00:00,21/12/2020,09:00:00,114.67,118.86,100.43,104.57,8098408.711
2020-12-22 09:00:00,22/12/2020,09:00:00,104.6,114.74,98.39,114.37,7090188.752
2020-12-23 09:00:00,23/12/2020,09:00:00,114.33,117.5,94.94,102.5,8981367.086
2020-12-24 09:00:00,24/12/2020,09:00:00,102.44,112.44,98.66,111.25,5403149.019
2020-12-25 09:00:00,25/12/2020,09:00:00,111.24,128.8,108.37,127.96,6734096.834
2020-12-26 09:00:00,26/12/2020,09:00:00,127.87,135.39,125.11,129.79,7237393.522
2020-12-27 09:00:00,27/12/2020,09:00:00,129.8,139.63,121.83,127.99,8863865.403
2020-12-28 09:00:00,28/12/2020,09:00:00,127.97,137.58,126.44,130.04,5068093.822
2020-12-29 09:00:00,29/12/2020,09:00:00,130.04,131.09,120.1,129.05,4358835.964
2020-12-30 09:00:00,30/12/2020,09:00:00,129.04,133.29,122.73,130.21,3857615.453
2020-12-31 09:00:00,31/12/2020,09:00:00,130.21,130.56,121.89,124.36,3004910.831
2021-01-01 09:00:00,01/01/2021,09:00:00,124.37,134.23,123.07,126.31,3818243.55
2021-01-02 09:00:00,02/01/2021,09:00:00,126.32,142.39,123.23,137.08,5716443.97
2021-01-03 09:00:00,03/01/2021,09:00:00,137.09,165.99,135.55,161.97,9070260.102
2021-01-04 09:00:00,04/01/2021,09:00:00,161.87,174.65,139.5,155.58,8310498.048
2021-01-05 09:00:00,05/01/2021,09:00:00,155.58,163.42,146.54,158.6,4042152.23
2021-01-06 09:00:00,06/01/2021,09:00:00,158.64,170.49,155.18,169.18,4017916.796
2021-01-07 09:00:00,07/01/2021,09:00:00,169.2,182.13,161.83,169.65,6034438.23
2021-01-08 09:00:00,08/01/2021,09:00:00,169.7,182.5,149.61,172.47,7460104.24
2021-01-09 09:00:00,09/01/2021,09:00:00,172.5,179.54,163.58,177.56,4404269.027
2021-01-10 09:00:00,10/01/2021,09:00:00,177.51,186.61,162.1,170.36,5920578.79
2021-01-11 09:00:00,11/01/2021,09:00:00,170.31,171.06,112.55,139.06,11343644.875
2021-01-12 09:00:00,12/01/2021,09:00:00,139.07,147.0,128.15,133.48,5077347.884
2021-01-13 09:00:00,13/01/2021,09:00:00,133.55,148.59,126.0,147.63,3735324.722
2021-01-14 09:00:00,14/01/2021,09:00:00,147.55,157.12,143.66,152.64,3461480.927
2021-01-15 09:00:00,15/01/2021,09:00:00,152.61,156.0,130.33,143.54,3931814.915
2021-01-16 09:00:00,16/01/2021,09:00:00,143.56,152.95,139.42,143.65,3039715.156
2021-01-17 09:00:00,17/01/2021,09:00:00,143.65,147.24,136.36,142.91,2347455.834
2021-01-18 09:00:00,18/01/2021,09:00:00,142.92,155.22,138.58,152.09,3147254.898
2021-01-19 09:00:00,19/01/2021,09:00:00,152.1,166.49,150.53,151.85,3933726.523
2021-01-20 09:00:00,20/01/2021,09:00:00,151.94,156.38,138.19,149.81,3303965.894
2021-01-21 09:00:00,21/01/2021,09:00:00,149.84,150.44,125.67,129.83,4014496.661
2021-01-22 09:00:00,22/01/2021,09:00:00,129.8,142.01,122.67,137.72,3697571.481
2021-01-23 09:00:00,23/01/2021,09:00:00,137.71,143.78,135.12,137.78,2032285.389
2021-01-24 09:00:00,24/01/2021,09:00:00,137.76,142.85,133.75,141.18,1630047.454
2021-01-25 09:00:00,25/01/2021,09:00:00,141.17,147.8,136.7,137.14,2537596.595
2021-01-26 09:00:00,26/01/2021,09:00:00,137.14,139.89,128.36,134.77,2044496.235
2021-01-27 09:00:00,27/01/2021,09:00:00,134.83,135.13,118.15,122.39,3005204.307
2021-01-28 09:00:00,28/01/2021,09:00:00,122.43,136.0,120.76,133.43,2094813.806
2021-01-29 09:00:00,29/01/2021,09:00:00,133.43,146.03,131.59,134.84,3528268.555
2021-01-30 09:00:00,30/01/2021,09:00:00,134.84,136.43,128.1,133.54,1879905.724
2021-01-31 09:00:00,31/01/2021,09:00:00,133.51,135.25,125.77,129.53,1383297.359
2021-02-01 09:00:00,01/02/2021,09:00:00,129.53,136.99,126.06,132.23,1736371.634
2021-02-02 09:00:00,02/02/2021,09:00:00,132.22,146.78,132.09,142.26,3351095.745
2021-02-03 09:00:00,03/02/2021,09:00:00,142.29,157.19,142.2,156.29,3451654.888
2021-02-04 09:00:00,04/02/2021,09:00:00,156.3,159.45,141.27,145.28,3655266.041
2021-02-05 09:00:00,05/02/2021,09:00:00,145.26,157.46,143.68,155.28,3104966.936
2021-02-06 09:00:00,06/02/2021,09:00:00,155.34,164.76,150.0,155.76,3695828.978
2021-02-07 09:00:00,07/02/2021,09:00:00,155.79,157.73,145.37,150.91,2497926.958
2021-02-08 09:00:00,08/02/2021,09:00:00,150.93,170.0,148.01,167.71,3594750.493
2021-02-09 09:00:00,09/02/2021,09:00:00,167.71,185.14,164.55,182.06,3873541.29
2021-02-10 09:00:00,10/02/2021,09:00:00,182.1,196.15,167.7,181.82,5895651.942
2021-02-11 09:00:00,11/02/2021,09:00:00,181.8,194.28,175.99,184.12,3211022.92
2021-02-12 09:00:00,12/02/2021,09:00:00,184.21,200.48,176.88,197.04,4140831.613
2021-02-13 09:00:00,13/02/2021,09:00:00,197.04,229.67,191.47,226.27,6892096.978
2021-02-14 09:00:00,14/02/2021,09:00:00,226.28,231.37,208.19,213.79,3927171.349
2021-02-15 09:00:00,15/02/2021,09:00:00,213.87,220.38,184.3,208.18,4768459.723
2021-02-16 09:00:00,16/02/2021,09:00:00,208.22,223.01,200.17,210.56,3536521.163
2021-02-17 09:00:00,17/02/2021,09:00:00,210.53,238.0,203.67,237.59,4363053.193
2021-02-18 09:00:00,18/02/2021,09:00:00,237.58,239.51,221.57,226.8,2994122.224
2021-02-19 09:00:00,19/02/2021,09:00:00,226.85,242.92,220.5,236.78,3102860.212
2021-02-20 09:00:00,20/02/2021,09:00:00,236.84,248.0,213.14,227.07,3623486.609
2021-02-21 09:00:00,21/02/2021,09:00:00,227.06,234.02,220.5,227.49,2452248.355
2021-02-22 09:00:00,22/02/2021,09:00:00,227.53,227.72,173.0,208.18,5484931.296
2021-02-23 09:00:00,23/02/2021,09:00:00,208.21,208.94,156.04,177.61,7767866.398
2021-02-24 09:00:00,24/02/2021,09:00:00,177.56,189.67,169.23,181.45,3467642.815
2021-02-25 09:00:00,25/02/2021,09:00:00,181.42,205.43,175.09,179.5,4765918.686
2021-02-26 09:00:00,26/02/2021,09:00:00,179.58,183.02,162.74,170.3,4506211.347
2021-02-27 09:00:00,27/02/2021,09:00:00,170.32,180.5,167.17,171.9,2503435.858
2021-02-28 09:00:00,28/02/2021,09:00:00,171.85,173.13,153.01,165.36,3423412.316
2021-03-01 09:00:00,01/03/2021,09:00:00,165.35,176.66,163.48,176.05,2483592.321
2021-03-02 09:00:00,02/03/2021,09:00:00,176.1,185.41,170.87,179.27,3026032.912
2021-03-03 09:00:00,03/03/2021,09:00:00,179.2,196.84,177.0,187.72,3735524.143
2021-03-04 09:00:00,04/03/2021,09:00:00,187.81,194.62,177.11,180.82,3314267.523
2021-03-05 09:00:00,05/03/2021,09:00:00,180.84,183.73,168.62,180.36,2680745.695
2021-03-06 09:00:00,06/03/2021,09:00:00,180.27,184.76,174.8,182.99,2142190.147
2021-03-07 09:00:00,07/03/2021,09:00:00,183.02,192.29,182.42,190.96,1874921.157
2021-03-08 09:00:00,08/03/2021,09:00:00,190.95,195.56,179.76,192.07,2763366.352
2021-03-09 09:00:00,09/03/2021,09:00:00,192.08,205.4,189.28,203.98,3247301.204
2021-03-10 09:00:00,10/03/2021,09:00:00,203.98,208.5,191.58,200.52,4156211.361
2021-03-11 09:00:00,11/03/2021,09:00:00,200.53,203.89,191.34,201.57,3089656.838
2021-03-12 09:00:00,12/03/2021,09:00:00,201.61,224.47,198.66,221.13,5796039.138
2021-03-13 09:00:00,13/03/2021,09:00:00,221.05,230.54,212.8,226.34,3226225.769
2021-03-14 09:00:00,14/03/2021,09:00:00,226.38,228.43,213.95,214.08,2169604.176
2021-03-15 09:00:00,15/03/2021,09:00:00,214.07,223.1,197.8,200.74,3754136.651
2021-03-16 09:00:00,16/03/2021,09:00:00,200.72,205.27,191.05,201.83,2698395.257
2021-03-17 09:00:00,17/03/2021,09:00:00,201.85,207.26,194.33,206.13,2327459.93
2021-03-18 09:00:00,18/03/2021,09:00:00,206.13,208.46,199.25,199.98,2047913.721
2021-03-19 09:00:00,19/03/2021,09:00:00,199.98,205.33,196.02,200.15,1413743.157
2021-03-20 09:00:00,20/03/2021,09:00:00,200.16,206.68,199.1,200.34,1377882.134
2021-03-21 09:00:00,21/03/2021,09:00:00,200.33,202.14,192.12,195.52,1541566.144
2021-03-22 09:00:00,22/03/2021,09:00:00,195.54,199.23,184.37,185.71,2146245.87
2021-03-23 09:00:00,23/03/2021,09:00:00,185.74,189.58,181.27,185.99,1616527.223
2021-03-24 09:00:00,24/03/2021,09:00:00,185.97,197.29,171.5,176.15,3118745.458
2021-03-25 09:00:00,25/03/2021,09:00:00,176.17,178.43,168.03,171.66,2467408.278
2021-03-26 09:00:00,26/03/2021,09:00:00,171.68,183.99,171.55,183.63,1876116.511
2021-03-27 09:00:00,27/03/2021,09:00:00,183.64,186.37,177.84,184.3,1295119.909
2021-03-28 09:00:00,28/03/2021,09:00:00,184.3,187.48,180.07,184.4,1144159.305
2021-03-29 09:00:00,29/03/2021,09:00:00,184.4,197.88,182.65,193.95,2165278.372
2021-03-30 09:00:00,30/03/2021,09:00:00,193.95,200.56,190.6,195.95,2156106.089
2021-03-31 09:00:00,31/03/2021,09:00:00,195.93,199.38,186.92,197.01,2492341.529
2021-04-01 09:00:00,01/04/2021,09:00:00,197.01,205.56,194.13,203.15,2582588.453
2021-04-02 09:00:00,02/04/2021,09:00:00,203.16,214.18,201.21,211.96,2767026.209
2021-04-03 09:00:00,03/04/2021,09:00:00,211.93,218.78,195.05,195.52,3126390.691
2021-04-04 09:00:00,04/04/2021,09:00:00,195.48,205.13,192.0,202.66,1673316.389
2021-04-05 09:00:00,05/04/2021,09:00:00,202.66,225.92,198.33,221.84,4320889.414
2021-04-06 09:00:00,06/04/2021,09:00:00,221.85,245.43,212.13,237.52,7429092.871
2021-04-07 09:00:00,07/04/2021,09:00:00,237.54,243.74,210.77,219.36,6578487.857
2021-04-08 09:00:00,08/04/2021,09:00:00,219.31,228.49,217.3,226.45,2596891.821
2021-04-09 09:00:00,09/04/2021,09:00:00,226.45,229.34,219.0,221.35,1902674.962
2021-04-10 09:00:00,10/04/2021,09:00:00,221.35,257.92,219.45,257.13,5058482.27
2021-04-11 09:00:00,11/04/2021,09:00:00,257.12,264.0,245.11,252.85,4322666.171
2021-04-12 09:00:00,12/04/2021,09:00:00,252.84,260.0,240.0,244.92,3426899.12
2021-04-13 09:00:00,13/04/2021,09:00:00,244.92,274.65,244.87,267.99,4745925.113
2021-04-14 09:00:00,14/04/2021,09:00:00,268.0,284.48,254.99,279.54,6330946.728
2021-04-15 09:00:00,15/04/2021,09:00:00,279.54,291.91,266.67,286.11,4097143.812
2021-04-16 09:00:00,16/04/2021,09:00:00,286.13,317.99,265.0,308.74,8700816.851
2021-04-17 09:00:00,17/04/2021,09:00:00,308.76,336.09,296.62,301.49,7092881.941
2021-04-18 09:00:00,18/04/2021,09:00:00,301.48,305.62,225.7,273.71,9805838.326
2021-04-19 09:00:00,19/04/2021,09:00:00,273.61,282.2,250.67,261.61,5311192.422
2021-04-20 09:00:00,20/04/2021,09:00:00,261.64,273.0,234.09,260.88,5741953.843
2021-04-21 09:00:00,21/04/2021,09:00:00,260.85,277.36,251.01,257.99,4552080.559
2021-04-22 09:00:00,22/04/2021,09:00:00,257.96,290.0,239.64,252.64,6852337.565
2021-04-23 09:00:00,23/04/2021,09:00:00,252.68,257.36,205.0,241.38,7249020.035
2021-04-24 09:00:00,24/04/2021,09:00:00,241.36,241.48,220.48,225.02,3266941.35
2021-04-25 09:00:00,25/04/2021,09:00:00,225.06,235.89,210.56,223.96,2875488.283
2021-04-26 09:00:00,26/04/2021,09:00:00,223.92,248.45,221.1,247.64,3326950.229
2021-04-27 09:00:00,27/04/2021,09:00:00,247.59,263.37,243.84,259.92,2817437.937
2021-04-28 09:00:00,28/04/2021,09:00:00,259.86,267.11,248.3,258.69,2577267.353
2021-04-29 09:00:00,29/04/2021,09:00:00,258.68,263.0,248.66,255.43,2059803.537
2021-04-30 09:00:00,30/04/2021,09:00:00,255.43,273.94,252.81,271.43,2448032.17
2021-05-01 09:00:00,01/05/2021,09:00:00,271.43,279.0,266.05,277.1,1992837.997
2021-05-02 09:00:00,02/05/2021,09:00:00,277.1,277.86,265.21,269.11,1886231.254
2021-05-03 09:00:00,03/05/2021,09:00:00,269.1,300.34,268.68,294.95,3472003.392
2021-05-04 09:00:00,04/05/2021,09:00:00,295.01,328.34,268.72,305.52,9505052.61
2021-05-05 09:00:00,05/05/2021,09:00:00,305.5,360.8,300.72,356.76,7776301.08
2021-05-06 09:00:00,06/05/2021,09:00:00,356.75,366.31,316.71,354.94,6783792.769
2021-05-07 09:00:00,07/05/2021,09:00:00,354.9,374.0,333.91,344.91,7076733.49
2021-05-08 09:00:00,08/05/2021,09:00:00,345.0,357.39,334.5,347.76,3165282.237
2021-05-09 09:00:00,09/05/2021,09:00:00,347.77,390.0,334.1,388.49,6164237.405
2021-05-10 09:00:00,10/05/2021,09:00:00,388.44,413.94,330.0,359.39,8833376.503
2021-05-11 09:00:00,11/05/2021,09:00:00,359.39,380.39,345.23,378.15,4418229.576
2021-05-12 09:00:00,12/05/2021,09:00:00,378.2,394.79,301.5,311.54,5917230.796
2021-05-13 09:00:00,13/05/2021,09:00:00,310.95,332.94,290.95,318.04,5844658.369
2021-05-14 09:00:00,14/05/2021,09:00:00,318.04,339.15,308.0,326.53,3106606.767
2021-05-15 09:00:00,15/05/2021,09:00:00,326.52,332.33,296.0,300.42,3200199.193
2021-05-16 09:00:00,16/05/2021,09:00:00,300.41,324.12,280.01,295.87,4061859.205
2021-05-17 09:00:00,17/05/2021,09:00:00,295.87,296.41,261.47,281.63,4731749.682
2021-05-18 09:00:00,18/05/2021,09:00:00,281.62,318.25,278.37,294.27,5729518.758
2021-05-19 09:00:00,19/05/2021,09:00:00,294.22,300.63,129.6,185.96,11399292.428
2021-05-20 09:00:00,20/05/2021,09:00:00,186.07,224.93,166.17,210.78,6801620.32
2021-05-21 09:00:00,21/05/2021,09:00:00,210.67,219.14,156.24,179.83,6105580.771
2021-05-22 09:00:00,22/05/2021,09:00:00,179.84,184.39,161.39,169.34,4811403.672
2021-05-23 09:00:00,23/05/2021,09:00:00,169.34,176.42,118.0,142.4,8824460.623
2021-05-24 09:00:00,24/05/2021,09:00:00,142.4,185.38,139.5,185.22,5547680.9
2021-05-25 09:00:00,25/05/2021,09:00:00,185.25,194.56,167.13,183.75,5104106.221
2021-05-26 09:00:00,26/05/2021,09:00:00,183.74,204.18,179.34,198.86,3769735.564
2021-05-27 09:00:00,27/05/2021,09:00:00,198.86,208.78,180.34,194.3,3654647.779
2021-05-28 09:00:00,28/05/2021,09:00:00,194.32,198.88,165.25,177.36,4814730.8
2021-05-29 09:00:00,29/05/2021,09:00:00,177.36,188.83,157.55,163.83,4422262.115
2021-05-30 09:00:00,30/05/2021,09:00:00,163.83,181.0,155.0,170.51,3298304.35
2021-05-31 09:00:00,31/05/2021,09:00:00,170.49,188.57,163.5,187.95,3460829.031
2021-06-01 09:00:00,01/06/2021,09:00:00,187.98,193.16,175.86,182.97,2805097.061
2021-06-02 09:00:00,02/06/2021,09:00:00,183.0,191.43,178.27,187.19,2247994.798
2021-06-03 09:00:00,03/06/2021,09:00:00,187.18,197.79,182.0,193.55,2771633.62
2021-06-04 09:00:00,04/06/2021,09:00:00,193.56,193.84,169.03,178.48,3551181.576
2021-06-05 09:00:00,05/06/2021,09:00:00,178.48,185.52,167.36,172.87,2606463.699
2021-06-06 09:00:00,06/06/2021,09:00:00,172.87,179.93,171.98,176.35,2081023.847
2021-06-07 09:00:00,07/06/2021,09:00:00,176.35,182.19,160.0,161.9,2963878.626
2021-06-08 09:00:00,08/06/2021,09:00:00,161.9,164.46,144.83,160.6,4421410.052
2021-06-09 09:00:00,09/06/2021,09:00:00,160.59,173.18,152.23,172.47,4152083.546
2021-06-10 09:00:00,10/06/2021,09:00:00,172.48,174.56,161.96,168.08,3183426.072
2021-06-11 09:00:00,11/06/2021,09:00:00,168.08,173.72,160.42,162.79,3067441.369
2021-06-12 09:00:00,12/06/2021,09:00:00,162.8,164.28,154.09,161.75,2717811.668
2021-06-13 09:00:00,13/06/2021,09:00:00,161.76,171.58,156.39,170.83,2321381.776
2021-06-14 09:00:00,14/06/2021,09:00:00,170.81,179.96,166.36,179.81,2451456.056
2021-06-15 09:00:00,15/06/2021,09:00:00,179.75,181.22,172.15,175.13,2303056.498
2021-06-16 09:00:00,16/06/2021,09:00:00,175.13,177.3,164.35,166.5,2502744.475
2021-06-17 09:00:00,17/06/2021,09:00:00,166.47,173.37,162.78,167.07,2104649.736
2021-06-18 09:00:00,18/06/2021,09:00:00,167.06,167.29,151.16,156.21,2649827.905
2021-06-19 09:00:00,19/06/2021,09:00:00,156.21,160.87,152.24,152.43,1675545.636
2021-06-20 09:00:00,20/06/2021,09:00:00,152.44,156.09,143.59,154.87,2403737.803
2021-06-21 09:00:00,21/06/2021,09:00:00,154.87,155.44,123.92,124.34,4912481.007
2021-06-22 09:00:00,22/06/2021,09:00:00,124.35,132.98,104.83,119.57,6780149.758
2021-06-23 09:00:00,23/06/2021,09:00:00,119.61,133.62,115.32,129.0,3447102.887
2021-06-24 09:00:00,24/06/2021,09:00:00,129.02,137.35,123.63,134.49,2484304.224
2021-06-25 09:00:00,25/06/2021,09:00:00,134.49,138.47,124.16,124.91,3152379.149
2021-06-26 09:00:00,26/06/2021,09:00:00,124.87,129.35,118.52,126.65,3264465.174
2021-06-27 09:00:00,27/06/2021,09:00:00,126.63,132.67,124.55,132.52,2364182.848
2021-06-28 09:00:00,28/06/2021,09:00:00,132.49,139.5,129.84,137.65,2473755.632
2021-06-29 09:00:00,29/06/2021,09:00:00,137.65,149.15,137.24,144.2,3244093.307
2021-06-30 09:00:00,30/06/2021,09:00:00,144.24,146.94,136.01,144.18,2622351.356
2021-07-01 09:00:00,01/07/2021,09:00:00,144.15,144.18,134.03,136.95,2428953.351
2021-07-02 09:00:00,02/07/2021,09:00:00,136.95,138.9,130.51,136.7,2155479.285
2021-07-03 09:00:00,03/07/2021,09:00:00,136.7,141.32,134.5,140.15,1417323.06
2021-07-04 09:00:00,04/07/2021,09:00:00,140.12,148.11,136.81,144.97,1679126.663
2021-07-05 09:00:00,05/07/2021,09:00:00,144.98,145.04,133.68,137.66,2171272.307
2021-07-06 09:00:00,06/07/2021,09:00:00,137.67,142.67,135.51,138.81,2061681.867
2021-07-07 09:00:00,07/07/2021,09:00:00,138.81,142.96,136.77,137.33,1827491.505
2021-07-08 09:00:00,08/07/2021,09:00:00,137.33,137.69,127.71,132.07,2439413.382
2021-07-09 09:00:00,09/07/2021,09:00:00,132.07,135.86,125.88,134.47,2273922.121
2021-07-10 09:00:00,10/07/2021,09:00:00,134.47,136.76,130.2,133.94,1534124.236
2021-07-11 09:00:00,11/07/2021,09:00:00,133.96,136.48,131.99,134.21,1522538.083
2021-07-12 09:00:00,12/07/2021,09:00:00,134.19,139.71,131.77,133.27,2894554.446
2021-07-13 09:00:00,13/07/2021,09:00:00,133.27,134.59,129.23,131.33,2139813.271
2021-07-14 09:00:00,14/07/2021,09:00:00,131.34,132.41,123.5,131.02,2260231.165
2021-07-15 09:00:00,15/07/2021,09:00:00,131.02,133.05,121.89,125.81,2036978.895
2021-07-16 09:00:00,16/07/2021,09:00:00,125.8,127.77,120.3,120.58,1882209.686
2021-07-17 09:00:00,17/07/2021,09:00:00,120.59,122.92,117.6,119.9,2104921.354
2021-07-18 09:00:00,18/07/2021,09:00:00,119.91,124.0,116.02,119.1,1954900.153
2021-07-19 09:00:00,19/07/2021,09:00:00,119.12,120.71,111.74,113.06,2426798.525
2021-07-20 09:00:00,20/07/2021,09:00:00,113.08,115.0,103.72,107.23,3817587.437
2021-07-21 09:00:00,21/07/2021,09:00:00,107.23,119.18,104.99,117.69,3085267.288
2021-07-22 09:00:00,22/07/2021,09:00:00,117.7,121.95,115.48,120.59,1936659.152
2021-07-23 09:00:00,23/07/2021,09:00:00,120.6,124.77,116.96,124.2,1692050.59
2021-07-24 09:00:00,24/07/2021,09:00:00,124.18,127.68,123.22,125.93,1759996.915
2021-07-25 09:00:00,25/07/2021,09:00:00,125.93,127.96,123.42,127.62,1385325.68
2021-07-26 09:00:00,26/07/2021,09:00:00,127.6,140.43,126.78,131.05,3938120.902
2021-07-27 09:00:00,27/07/2021,09:00:00,131.04,135.17,127.36,134.69,2295248.123
2021-07-28 09:00:00,28/07/2021,09:00:00,134.68,142.0,132.35,140.48,2972809.286
2021-07-29 09:00:00,29/07/2021,09:00:00,140.45,143.09,135.89,141.39,2360813.784
2021-07-30 09:00:00,30/07/2021,09:00:00,141.39,145.92,135.87,145.49,2192109.816
2021-07-31 09:00:00,31/07/2021,09:00:00,145.47,146.64,141.73,144.36,1533930.154
2021-08-01 09:00:00,01/08/2021,09:00:00,144.38,149.78,137.95,140.25,2252435.97
2021-08-02 09:00:00,02/08/2021,09:00:00,140.24,145.97,138.75,141.35,1798626.813
2021-08-03 09:00:00,03/08/2021,09:00:00,141.34,143.24,135.5,138.48,1677883.338
2021-08-04 09:00:00,04/08/2021,09:00:00,138.47,144.56,135.53,142.61,1723510.726
2021-08-05 09:00:00,05/08/2021,09:00:00,142.6,145.26,136.07,143.62,2509821.987
2021-08-06 09:00:00,06/08/2021,09:00:00,143.62,151.04,141.77,148.05,2688533.334
2021-08-07 09:00:00,07/08/2021,09:00:00,148.05,156.5,147.09,156.03,3114598.965
2021-08-08 09:00:00,08/08/2021,09:00:00,156.05,157.75,147.01,149.76,2415475.417
2021-08-09 09:00:00,09/08/2021,09:00:00,149.76,171.0,145.29,166.41,4367302.071
2021-08-10 09:00:00,10/08/2021,09:00:00,166.43,168.44,158.8,165.45,3477850.381
2021-08-11 09:00:00,11/08/2021,09:00:00,165.44,176.25,164.39,170.67,3187187.069
2021-08-12 09:00:00,12/08/2021,09:00:00,170.66,179.95,160.83,165.41,3616041.86
2021-08-13 09:00:00,13/08/2021,09:00:00,165.44,184.68,164.0,183.39,3916573.471
2021-08-14 09:00:00,14/08/2021,09:00:00,183.39,185.23,174.62,182.9,3123112.719
2021-08-15 09:00:00,15/08/2021,09:00:00,182.85,186.82,175.1,184.8,3267037.163
2021-08-16 09:00:00,16/08/2021,09:00:00,184.81,189.44,176.53,177.98,3280782.566
2021-08-17 09:00:00,17/08/2021,09:00:00,178.01,184.58,168.02,168.69,3011471.054
2021-08-18 09:00:00,18/08/2021,09:00:00,168.74,174.63,162.91,166.68,2717628.761
2021-08-19 09:00:00,19/08/2021,09:00:00,166.67,175.99,162.67,175.7,2446179.103
2021-08-20 09:00:00,20/08/2021,09:00:00,175.7,184.25,174.27,183.7,2207895.159
2021-08-21 09:00:00,21/08/2021,09:00:00,183.7,184.88,176.53,179.79,2288366.431
2021-08-22 09:00:00,22/08/2021,09:00:00,179.81,189.86,178.4,186.05,3373170.424
2021-08-23 09:00:00,23/08/2021,09:00:00,186.06,192.06,183.72,187.19,2860751.452
2021-08-24 09:00:00,24/08/2021,09:00:00,187.19,189.0,171.89,173.51,2828209.27
2021-08-25 09:00:00,25/08/2021,09:00:00,173.52,179.04,169.04,177.86,2244450.284
2021-08-26 09:00:00,26/08/2021,09:00:00,177.86,180.34,164.9,167.72,2583950.241
2021-08-27 09:00:00,27/08/2021,09:00:00,167.73,176.45,165.09,176.35,2046953.805
2021-08-28 09:00:00,28/08/2021,09:00:00,176.37,177.2,171.36,175.79,1461299.009
2021-08-29 09:00:00,29/08/2021,09:00:00,175.79,182.84,173.11,174.46,2618111.336
2021-08-30 09:00:00,30/08/2021,09:00:00,174.45,176.61,166.51,167.46,2282587.878
2021-08-31 09:00:00,31/08/2021,09:00:00,167.45,175.5,165.65,171.68,2729741.283
2021-09-01 09:00:00,01/09/2021,09:00:00,171.68,182.99,168.55,181.11,3134149.484
2021-09-02 09:00:00,02/09/2021,09:00:00,181.12,188.23,179.66,183.58,2812799.826
2021-09-03 09:00:00,03/09/2021,09:00:00,183.57,217.97,180.01,213.23,8530558.739
2021-09-04 09:00:00,04/09/2021,09:00:00,213.23,225.46,208.78,212.23,6506241.23
2021-09-05 09:00:00,05/09/2021,09:00:00,212.23,232.88,210.62,232.51,5001999.234
2021-09-06 09:00:00,06/09/2021,09:00:00,232.56,232.63,214.74,219.57,4078226.066
2021-09-07 09:00:00,07/09/2021,09:00:00,219.55,222.13,155.6,178.26,7752249.395
2021-09-08 09:00:00,08/09/2021,09:00:00,178.27,188.86,169.32,179.66,5550441.183
2021-09-09 09:00:00,09/09/2021,09:00:00,179.66,188.92,176.48,180.42,3386431.985
2021-09-10 09:00:00,10/09/2021,09:00:00,180.44,187.48,170.53,174.16,2888518.63
2021-09-11 09:00:00,11/09/2021,09:00:00,174.15,186.32,173.37,178.59,2714814.142
2021-09-12 09:00:00,12/09/2021,09:00:00,178.59,186.23,175.16,183.14,2335199.0
2021-09-13 09:00:00,13/09/2021,09:00:00,183.15,236.42,170.72,179.43,19576764.276
2021-09-14 09:00:00,14/09/2021,09:00:00,179.42,189.0,176.2,183.13,4676150.276
2021-09-15 09:00:00,15/09/2021,09:00:00,183.13,191.88,179.7,189.18,2786880.524
2021-09-16 09:00:00,16/09/2021,09:00:00,189.18,195.54,181.54,185.33,4078368.901
2021-09-17 09:00:00,17/09/2021,09:00:00,185.33,190.72,177.33,180.08,2580553.314
2021-09-18 09:00:00,18/09/2021,09:00:00,180.08,185.83,177.84,181.35,1674620.695
2021-09-19 09:00:00,19/09/2021,09:00:00,181.36,181.77,172.44,175.69,1641974.531
2021-09-20 09:00:00,20/09/2021,09:00:00,175.68,176.09,153.46,157.22,4168184.741
2021-09-21 09:00:00,21/09/2021,09:00:00,157.22,162.33,144.43,148.41,3397384.074
2021-09-22 09:00:00,22/09/2021,09:00:00,148.46,161.8,145.17,161.46,2686314.17
2021-09-23 09:00:00,23/09/2021,09:00:00,161.43,165.0,157.08,163.77,1965270.88
2021-09-24 09:00:00,24/09/2021,09:00:00,163.77,166.58,141.62,151.97,3570142.385
2021-09-25 09:00:00,25/09/2021,09:00:00,151.96,155.88,148.34,150.86,2473310.308
2021-09-26 09:00:00,26/09/2021,09:00:00,150.83,153.36,141.74,150.61,2617172.873
2021-09-27 09:00:00,27/09/2021,09:00:00,150.61,154.89,144.62,144.89,2056699.439
2021-09-28 09:00:00,28/09/2021,09:00:00,144.9,148.85,139.73,140.37,2285748.511
2021-09-29 09:00:00,29/09/2021,09:00:00,140.35,150.29,139.59,144.65,2465640.745
2021-09-30 09:00:00,30/09/2021,09:00:00,144.66,154.44,143.74,153.17,2135949.474
2021-10-01 09:00:00,01/10/2021,09:00:00,153.19,167.9,151.03,166.12,2543309.322
2021-10-02 09:00:00,02/10/2021,09:00:00,166.13,172.69,164.38,168.83,1623479.17
2021-10-03 09:00:00,03/10/2021,09:00:00,168.87,175.02,165.69,170.54,1795242.536
2021-10-04 09:00:00,04/10/2021,09:00:00,170.54,170.87,161.21,167.59,2163494.844
2021-10-05 09:00:00,05/10/2021,09:00:00,167.57,175.66,166.67,173.88,2288967.616
2021-10-06 09:00:00,06/10/2021,09:00:00,173.92,183.35,163.8,178.69,3744779.881
2021-10-07 09:00:00,07/10/2021,09:00:00,178.68,187.18,173.57,178.7,3032425.96
2021-10-08 09:00:00,08/10/2021,09:00:00,178.7,183.75,174.48,176.06,2710725.934
2021-10-09 09:00:00,09/10/2021,09:00:00,176.08,183.08,174.4,180.07,2012113.518
2021-10-10 09:00:00,10/10/2021,09:00:00,180.08,184.28,173.91,174.77,2398108.095
2021-10-11 09:00:00,11/10/2021,09:00:00,174.72,185.52,171.87,179.15,2978544.177
2021-10-12 09:00:00,12/10/2021,09:00:00,179.15,179.24,166.31,172.68,3029088.249
2021-10-13 09:00:00,13/10/2021,09:00:00,172.65,179.75,167.62,177.77,2781991.682
2021-10-14 09:00:00,14/10/2021,09:00:00,177.78,186.96,177.02,181.53,2671564.023
2021-10-15 09:00:00,15/10/2021,09:00:00,181.52,193.31,176.65,189.86,3926191.52
2021-10-16 09:00:00,16/10/2021,09:00:00,189.87,192.95,185.11,186.14,1968414.56
2021-10-17 09:00:00,17/10/2021,09:00:00,186.15,188.39,176.17,183.93,1727383.596
2021-10-18 09:00:00,18/10/2021,09:00:00,183.92,187.78,178.61,185.72,1825073.403
2021-10-19 09:00:00,19/10/2021,09:00:00,185.72,191.95,183.19,188.88,2164084.109
2021-10-20 09:00:00,20/10/2021,09:00:00,188.88,209.57,185.81,207.51,3554198.211
2021-10-21 09:00:00,21/10/2021,09:00:00,207.52,215.0,195.25,196.92,4130953.36
2021-10-22 09:00:00,22/10/2021,09:00:00,196.94,201.58,188.0,191.14,2584765.279
2021-10-23 09:00:00,23/10/2021,09:00:00,191.15,198.12,188.98,196.42,1716664.483
2021-10-24 09:00:00,24/10/2021,09:00:00,196.43,200.19,185.38,190.47,2099563.112
2021-10-25 09:00:00,25/10/2021,09:00:00,190.47,197.52,189.71,195.62,1499400.638
2021-10-26 09:00:00,26/10/2021,09:00:00,195.65,199.52,190.4,197.68,2036694.726
2021-10-27 09:00:00,27/10/2021,09:00:00,197.73,205.1,170.0,179.21,4730169.076
2021-10-28 09:00:00,28/10/2021,09:00:00,179.19,194.53,177.58,189.99,2560804.421
2021-10-29 09:00:00,29/10/2021,09:00:00,189.94,198.77,188.26,196.84,2026853.897
2021-10-30 09:00:00,30/10/2021,09:00:00,196.84,197.45,186.6,190.45,1378764.971
2021-10-31 09:00:00,31/10/2021,09:00:00,190.43,195.5,186.75,192.03,1450325.653
2021-11-01 09:00:00,01/11/2021,09:00:00,192.02,201.55,187.9,197.75,2155531.069
2021-11-02 09:00:00,02/11/2021,09:00:00,197.77,205.33,195.32,201.12,1850984.315
2021-11-03 09:00:00,03/11/2021,09:00:00,201.12,209.57,197.51,207.48,2537979.475
2021-11-04 09:00:00,04/11/2021,09:00:00,207.47,207.52,196.1,202.83,1680964.908
2021-11-05 09:00:00,05/11/2021,09:00:00,202.83,203.49,196.76,198.99,1299791.687
2021-11-06 09:00:00,06/11/2021,09:00:00,198.98,201.3,190.84,197.74,1179391.951
2021-11-07 09:00:00,07/11/2021,09:00:00,197.74,202.31,197.08,202.29,1067275.226
2021-11-08 09:00:00,08/11/2021,09:00:00,202.28,230.2,202.28,229.3,4363438.17
2021-11-09 09:00:00,09/11/2021,09:00:00,229.3,275.0,226.69,262.4,10650100.875
2021-11-10 09:00:00,10/11/2021,09:00:00,262.45,296.0,251.88,260.3,10911323.155
2021-11-11 09:00:00,11/11/2021,09:00:00,260.3,274.4,250.93,262.41,5446243.301
2021-11-12 09:00:00,12/11/2021,09:00:00,262.37,282.88,243.85,251.27,7271195.858
2021-11-13 09:00:00,13/11/2021,09:00:00,251.27,264.3,245.34,257.79,3587388.628
2021-11-14 09:00:00,14/11/2021,09:00:00,257.81,279.98,248.57,279.6,4293172.495
2021-11-15 09:00:00,15/11/2021,09:00:00,279.64,281.69,259.2,263.04,3831255.858
2021-11-16 09:00:00,16/11/2021,09:00:00,263.03,263.9,220.0,230.25,6664264.769
2021-11-17 09:00:00,17/11/2021,09:00:00,230.31,235.59,218.03,229.75,3957756.541
2021-11-18 09:00:00,18/11/2021,09:00:00,229.74,232.5,199.16,204.24,5484543.89
2021-11-19 09:00:00,19/11/2021,09:00:00,204.25,221.33,199.56,217.94,3530380.299
2021-11-20 09:00:00,20/11/2021,09:00:00,217.95,227.89,212.61,226.66,2879102.814
2021-11-21 09:00:00,21/11/2021,09:00:00,226.68,230.98,219.57,221.37,2189988.804
2021-11-22 09:00:00,22/11/2021,09:00:00,221.39,221.88,205.14,209.07,3066080.363
2021-11-23 09:00:00,23/11/2021,09:00:00,209.07,218.98,205.21,216.33,2319228.301
2021-11-24 09:00:00,24/11/2021,09:00:00,216.35,217.82,206.04,212.36,1851152.775
2021-11-25 09:00:00,25/11/2021,09:00:00,212.37,230.0,210.85,223.19,2713687.111
2021-11-26 09:00:00,26/11/2021,09:00:00,223.2,225.0,189.18,195.67,4518939.677
2021-11-27 09:00:00,27/11/2021,09:00:00,195.66,201.04,190.57,195.09,1598139.239
2021-11-28 09:00:00,28/11/2021,09:00:00,195.09,199.94,181.91,199.55,2428634.691
2021-11-29 09:00:00,29/11/2021,09:00:00,199.48,209.68,195.16,205.55,2309738.013
2021-11-30 09:00:00,30/11/2021,09:00:00,205.55,219.94,197.47,207.96,3261425.633
2021-12-01 09:00:00,01/12/2021,09:00:00,207.99,217.94,205.25,208.78,2166606.215
2021-12-02 09:00:00,02/12/2021,09:00:00,208.78,210.26,200.03,203.51,1822663.207
2021-12-03 09:00:00,03/12/2021,09:00:00,203.52,208.28,178.1,187.94,3022332.335
2021-12-04 09:00:00,04/12/2021,09:00:00,187.93,189.17,128.64,162.74,7276477.728
2021-12-05 09:00:00,05/12/2021,09:00:00,162.75,164.97,147.83,156.25,3278384.414
2021-12-06 09:00:00,06/12/2021,09:00:00,156.29,164.4,141.2,161.26,3490713.656
2021-12-07 09:00:00,07/12/2021,09:00:00,161.26,165.73,158.07,161.76,2591971.444
2021-12-08 09:00:00,08/12/2021,09:00:00,161.76,170.13,155.9,165.03,2938266.047
2021-12-09 09:00:00,09/12/2021,09:00:00,165.01,166.96,151.07,151.16,2252810.134
2021-12-10 09:00:00,10/12/2021,09:00:00,151.15,159.75,147.35,148.2,2485458.953
2021-12-11 09:00:00,11/12/2021,09:00:00,148.17,159.38,145.47,157.98,2027492.674
2021-12-12 09:00:00,12/12/2021,09:00:00,157.94,162.82,153.09,158.84,1286670.625
2021-12-13 09:00:00,13/12/2021,09:00:00,158.84,159.84,142.5,144.5,2414712.454
2021-12-14 09:00:00,14/12/2021,09:00:00,144.47,151.88,142.76,150.21,2100221.046
2021-12-15 09:00:00,15/12/2021,09:00:00,150.2,155.03,141.67,153.54,2418358.643
2021-12-16 09:00:00,16/12/2021,09:00:00,153.54,156.64,148.4,148.8,1435136.131
2021-12-17 09:00:00,17/12/2021,09:00:00,148.8,150.19,141.01,143.9,1920775.269
2021-12-18 09:00:00,18/12/2021,09:00:00,143.93,150.34,142.73,148.56,1233858.041
2021-12-19 09:00:00,19/12/2021,09:00:00,148.56,161.07,147.49,153.25,2783693.127
2021-12-20 09:00:00,20/12/2021,09:00:00,153.24,157.35,145.11,152.6,2466931.56
2021-12-21 09:00:00,21/12/2021,09:00:00,152.6,156.37,149.0,154.72,1736057.898
2021-12-22 09:00:00,22/12/2021,09:00:00,154.73,160.12,152.86,155.31,1589475.784
2021-12-23 09:00:00,23/12/2021,09:00:00,155.31,165.18,153.01,163.66,1959761.907
2021-12-24 09:00:00,24/12/2021,09:00:00,163.66,166.66,160.11,161.25,1483955.129
2021-12-25 09:00:00,25/12/2021,09:00:00,161.26,163.62,157.46,157.86,1377892.336
2021-12-26 09:00:00,26/12/2021,09:00:00,157.87,158.33,152.98,155.77,2208712.069
2021-12-27 09:00:00,27/12/2021,09:00:00,155.77,161.3,154.44,155.89,2000389.813
2021-12-28 09:00:00,28/12/2021,09:00:00,155.89,156.01,144.31,145.57,2699168.977
2021-12-29 09:00:00,29/12/2021,09:00:00,145.59,150.98,144.0,145.51,1911652.033
2021-12-30 09:00:00,30/12/2021,09:00:00,145.51,149.9,142.51,147.88,1381884.43
2021-12-31 09:00:00,31/12/2021,09:00:00,147.89,152.74,143.62,146.17,1416754.764
2022-01-01 09:00:00,01/01/2022,09:00:00,146.19,150.98,146.08,150.74,901208.51
2022-01-02 09:00:00,02/01/2022,09:00:00,150.73,153.35,147.82,151.13,980673.268
2022-01-03 09:00:00,03/01/2022,09:00:00,151.15,151.2,145.95,148.43,1254364.788
2022-01-04 09:00:00,04/01/2022,09:00:00,148.44,151.58,145.07,146.45,1320610.541
2022-01-05 09:00:00,05/01/2022,09:00:00,146.45,150.0,129.5,135.21,2294175.393
2022-01-06 09:00:00,06/01/2022,09:00:00,135.22,138.05,132.36,135.88,2209205.62
2022-01-07 09:00:00,07/01/2022,09:00:00,135.86,136.46,125.64,131.36,2902075.972
2022-01-08 09:00:00,08/01/2022,09:00:00,131.36,134.73,124.69,129.4,1894202.859
2022-01-09 09:00:00,09/01/2022,09:00:00,129.4,132.5,127.61,130.86,1263452.389
2022-01-10 09:00:00,10/01/2022,09:00:00,130.86,131.48,120.5,126.41,2450535.083
2022-01-11 09:00:00,11/01/2022,09:00:00,126.43,133.49,125.69,131.52,1534826.935
2022-01-12 09:00:00,12/01/2022,09:00:00,131.53,142.16,130.83,141.89,1525369.942
2022-01-13 09:00:00,13/01/2022,09:00:00,141.89,142.26,134.47,136.69,1689266.319
2022-01-14 09:00:00,14/01/2022,09:00:00,136.64,146.44,135.67,144.7,2701135.712
2022-01-15 09:00:00,15/01/2022,09:00:00,144.71,150.94,143.96,147.56,1933187.337
2022-01-16 09:00:00,16/01/2022,09:00:00,147.55,148.89,143.0,146.34,1339999.988
2022-01-17 09:00:00,17/01/2022,09:00:00,146.34,153.79,144.13,151.09,4169947.576
2022-01-18 09:00:00,18/01/2022,09:00:00,151.09,153.35,138.5,141.34,3367263.006
2022-01-19 09:00:00,19/01/2022,09:00:00,141.33,142.9,133.01,136.2,2230537.517
2022-01-20 09:00:00,20/01/2022,09:00:00,136.2,142.73,128.75,129.57,2109653.642
2022-01-21 09:00:00,21/01/2022,09:00:00,129.59,131.02,109.7,114.47,4165453.013
2022-01-22 09:00:00,22/01/2022,09:00:00,114.47,116.99,96.15,108.35,6494577.165
2022-01-23 09:00:00,23/01/2022,09:00:00,108.36,112.76,105.5,112.18,2862508.118
2022-01-24 09:00:00,24/01/2022,09:00:00,112.19,112.22,97.37,109.48,5083749.359
2022-01-25 09:00:00,25/01/2022,09:00:00,109.47,109.8,105.09,107.77,2157479.862
2022-01-26 09:00:00,26/01/2022,09:00:00,107.78,116.54,104.43,106.92,2645869.737
2022-01-27 09:00:00,27/01/2022,09:00:00,106.92,109.93,102.8,106.84,2020455.603
2022-01-28 09:00:00,28/01/2022,09:00:00,106.84,110.0,105.15,109.34,1613466.928
2022-01-29 09:00:00,29/01/2022,09:00:00,109.36,112.33,107.42,110.75,1195197.172
2022-01-30 09:00:00,30/01/2022,09:00:00,110.75,112.19,106.89,108.4,1254061.471
2022-01-31 09:00:00,31/01/2022,09:00:00,108.4,111.24,104.13,109.42,1871703.487
2022-02-01 09:00:00,01/02/2022,09:00:00,109.43,116.77,108.15,115.03,2075870.995
2022-02-02 09:00:00,02/02/2022,09:00:00,115.04,115.96,107.16,108.18,1943689.284
2022-02-03 09:00:00,03/02/2022,09:00:00,108.19,110.97,105.22,110.89,1629038.617
2022-02-04 09:00:00,04/02/2022,09:00:00,110.9,121.38,108.65,121.21,2527523.119
2022-02-05 09:00:00,05/02/2022,09:00:00,121.25,123.75,118.78,121.69,1817089.844
2022-02-06 09:00:00,06/02/2022,09:00:00,121.7,128.0,120.52,127.52,1897028.127
2022-02-07 09:00:00,07/02/2022,09:00:00,127.51,139.77,124.92,137.26,2667381.076
2022-02-08 09:00:00,08/02/2022,09:00:00,137.27,142.79,130.4,133.6,3468639.304
2022-02-09 09:00:00,09/02/2022,09:00:00,133.59,140.9,131.88,139.96,2347438.437
2022-02-10 09:00:00,10/02/2022,09:00:00,139.97,143.75,133.68,134.47,2929542.432
2022-02-11 09:00:00,11/02/2022,09:00:00,134.48,134.65,124.76,125.53,2429752.154
2022-02-12 09:00:00,12/02/2022,09:00:00,125.53,127.55,120.7,126.65,1664326.012
2022-02-13 09:00:00,13/02/2022,09:00:00,126.64,128.78,123.36,125.58,1270522.081
2022-02-14 09:00:00,14/02/2022,09:00:00,125.56,126.96,121.3,124.5,1552853.265
2022-02-15 09:00:00,15/02/2022,09:00:00,124.5,132.48,123.87,131.57,1570380.034
2022-02-16 09:00:00,16/02/2022,09:00:00,131.57,131.77,125.36,127.63,1344257.86
2022-02-17 09:00:00,17/02/2022,09:00:00,127.63,128.89,114.68,116.25,2022965.972
2022-02-18 09:00:00,18/02/2022,09:00:00,116.26,123.45,114.05,114.72,2946211.57
2022-02-19 09:00:00,19/02/2022,09:00:00,114.72,117.11,112.87,115.5,1335319.578
2022-02-20 09:00:00,20/02/2022,09:00:00,115.49,115.67,108.31,110.53,1645725.125
2022-02-21 09:00:00,21/02/2022,09:00:00,110.55,114.48,101.85,102.67,2684981.478
2022-02-22 09:00:00,22/02/2022,09:00:00,102.64,107.83,100.1,107.41,2227892.545
2022-02-23 09:00:00,23/02/2022,09:00:00,107.4,111.4,104.77,105.29,1717388.713
2022-02-24 09:00:00,24/02/2022,09:00:00,105.29,108.32,91.32,104.1,4899464.648
2022-02-25 09:00:00,25/02/2022,09:00:00,104.11,110.64,101.51,109.17,2192266.699
2022-02-26 09:00:00,26/02/2022,09:00:00,109.17,116.97,106.46,108.17,1782336.606
2022-02-27 09:00:00,27/02/2022,09:00:00,108.14,110.07,101.02,102.89,1799839.737
2022-02-28 09:00:00,28/02/2022,09:00:00,102.91,113.85,100.97,113.62,2340783.986
2022-03-01 09:00:00,01/03/2022,09:00:00,113.61,116.0,109.76,112.57,2367165.689
2022-03-02 09:00:00,02/03/2022,09:00:00,112.57,114.64,109.01,110.26,2085527.619
2022-03-03 09:00:00,03/03/2022,09:00:00,110.25,112.99,107.7,111.6,2322937.427
2022-03-04 09:00:00,04/03/2022,09:00:00,111.6,112.58,98.88,100.91,2474410.131
2022-03-05 09:00:00,05/03/2022,09:00:00,100.9,105.24,99.22,104.79,1481423.892
2022-03-06 09:00:00,06/03/2022,09:00:00,104.78,105.82,100.53,101.02,1423048.838
2022-03-07 09:00:00,07/03/2022,09:00:00,101.02,103.84,96.11,98.25,2075023.345
2022-03-08 09:00:00,08/03/2022,09:00:00,98.24,102.4,97.65,100.61,1773870.613
2022-03-09 09:00:00,09/03/2022,09:00:00,100.63,109.27,100.31,106.83,1812307.484
2022-03-10 09:00:00,10/03/2022,09:00:00,106.83,106.98,99.4,102.46,1967479.973
2022-03-11 09:00:00,11/03/2022,09:00:00,102.47,106.89,99.58,104.39,1981125.332
2022-03-12 09:00:00,12/03/2022,09:00:00,104.39,107.89,104.38,105.47,1253203.157
2022-03-13 09:00:00,13/03/2022,09:00:00,105.47,107.36,100.86,101.6,1301227.016
2022-03-14 09:00:00,14/03/2022,09:00:00,101.59,106.33,100.75,105.5,1713271.625
2022-03-15 09:00:00,15/03/2022,09:00:00,105.5,108.59,102.35,106.81,1710569.282
2022-03-16 09:00:00,16/03/2022,09:00:00,106.81,112.25,105.57,111.2,2065232.455
2022-03-17 09:00:00,17/03/2022,09:00:00,111.19,111.58,108.5,110.17,1090522.76
2022-03-18 09:00:00,18/03/2022,09:00:00,110.17,112.94,107.66,111.87,1162696.346
2022-03-19 09:00:00,19/03/2022,09:00:00,111.87,117.2,111.3,116.61,1440070.768
2022-03-20 09:00:00,20/03/2022,09:00:00,116.62,118.43,111.18,114.78,1853181.04
2022-03-21 09:00:00,21/03/2022,09:00:00,114.79,116.76,113.04,116.0,1587607.178
2022-03-22 09:00:00,22/03/2022,09:00:00,116.01,123.64,115.48,122.69,2488190.257
2022-03-23 09:00:00,23/03/2022,09:00:00,122.69,124.44,118.51,122.37,1890286.887
2022-03-24 09:00:00,24/03/2022,09:00:00,122.37,127.68,119.94,126.45,2028478.278
2022-03-25 09:00:00,25/03/2022,09:00:00,126.47,127.22,121.46,123.85,1758090.086
2022-03-26 09:00:00,26/03/2022,09:00:00,123.86,125.49,121.84,124.72,986296.288
2022-03-27 09:00:00,27/03/2022,09:00:00,124.71,129.78,123.15,129.56,1439933.788
2022-03-28 09:00:00,28/03/2022,09:00:00,129.56,132.63,126.51,127.42,1857206.513
2022-03-29 09:00:00,29/03/2022,09:00:00,127.47,131.97,126.99,130.0,1577403.267
2022-03-30 09:00:00,30/03/2022,09:00:00,130.0,134.13,125.34,131.07,1868050.29
2022-03-31 09:00:00,31/03/2022,09:00:00,131.07,132.87,120.57,123.87,2752620.263
2022-04-01 09:00:00,01/04/2022,09:00:00,123.85,126.38,119.0,124.85,1666036.811
2022-04-02 09:00:00,02/04/2022,09:00:00,124.84,128.35,123.51,124.83,1437429.463
2022-04-03 09:00:00,03/04/2022,09:00:00,124.83,129.54,123.57,128.77,1226839.696
2022-04-04 09:00:00,04/04/2022,09:00:00,128.74,128.9,121.05,124.7,1636400.519
2022-04-05 09:00:00,05/04/2022,09:00:00,124.7,127.34,122.43,122.69,1291501.187
2022-04-06 09:00:00,06/04/2022,09:00:00,122.7,123.12,111.14,111.59,2437044.55
2022-04-07 09:00:00,07/04/2022,09:00:00,111.59,114.93,110.0,113.99,1421123.84
2022-04-08 09:00:00,08/04/2022,09:00:00,113.99,115.21,109.46,110.6,1761163.274
2022-04-09 09:00:00,09/04/2022,09:00:00,110.6,112.89,109.88,112.62,857049.914
2022-04-10 09:00:00,10/04/2022,09:00:00,112.62,114.39,109.92,110.23,997409.516
2022-04-11 09:00:00,11/04/2022,09:00:00,110.23,110.56,101.72,102.42,2234206.483
2022-04-12 09:00:00,12/04/2022,09:00:00,102.42,105.68,101.6,104.78,1516942.976
2022-04-13 09:00:00,13/04/2022,09:00:00,104.77,110.74,103.8,110.47,2270216.917
2022-04-14 09:00:00,14/04/2022,09:00:00,110.46,112.3,105.89,107.32,1528813.962
2022-04-15 09:00:00,15/04/2022,09:00:00,107.32,112.86,106.95,110.85,1828050.883
2022-04-16 09:00:00,16/04/2022,09:00:00,110.86,114.77,110.07,114.31,1462836.934
2022-04-17 09:00:00,17/04/2022,09:00:00,114.3,115.1,108.15,108.69,1754274.889
2022-04-18 09:00:00,18/04/2022,09:00:00,108.69,111.48,105.16,111.19,1901813.157
2022-04-19 09:00:00,19/04/2022,09:00:00,111.19,114.13,110.56,113.77,1368840.361
2022-04-20 09:00:00,20/04/2022,09:00:00,113.77,114.15,110.61,111.81,1526710.806
2022-04-21 09:00:00,21/04/2022,09:00:00,111.82,114.5,105.26,106.61,1873957.416
2022-04-22 09:00:00,22/04/2022,09:00:00,106.59,108.64,104.63,105.3,1678596.759
2022-04-23 09:00:00,23/04/2022,09:00:00,105.31,107.17,104.23,105.12,979583.008
2022-04-24 09:00:00,24/04/2022,09:00:00,105.11,105.86,103.43,104.43,996620.316
2022-04-25 09:00:00,25/04/2022,09:00:00,104.43,104.89,98.06,104.49,2688717.78
2022-04-26 09:00:00,26/04/2022,09:00:00,104.5,105.36,96.11,98.51,2050867.021
2022-04-27 09:00:00,27/04/2022,09:00:00,98.5,101.93,97.61,100.54,1606060.463
2022-04-28 09:00:00,28/04/2022,09:00:00,100.54,104.37,99.6,103.25,2060907.292
2022-04-29 09:00:00,29/04/2022,09:00:00,103.26,104.37,98.23,100.32,1703566.081
2022-04-30 09:00:00,30/04/2022,09:00:00,100.33,101.58,93.7,95.72,1546187.911
2022-05-01 09:00:00,01/05/2022,09:00:00,95.72,100.0,94.3,99.18,1615905.35
2022-05-02 09:00:00,02/05/2022,09:00:00,99.18,101.88,98.22,100.62,1587084.622
2022-05-03 09:00:00,03/05/2022,09:00:00,100.61,101.38,97.34,99.3,1418151.744
2022-05-04 09:00:00,04/05/2022,09:00:00,99.29,107.16,98.94,106.22,1960093.772
2022-05-05 09:00:00,05/05/2022,09:00:00,106.22,106.83,94.66,96.81,2368764.324
2022-05-06 09:00:00,06/05/2022,09:00:00,96.8,98.37,92.43,96.65,2076806.38
2022-05-07 09:00:00,07/05/2022,09:00:00,96.65,97.4,92.5,94.23,1407474.786
2022-05-08 09:00:00,08/05/2022,09:00:00,94.22,95.74,91.34,93.84,1923612.832
2022-05-09 09:00:00,09/05/2022,09:00:00,93.85,94.9,74.97,76.05,4847336.431
2022-05-10 09:00:00,10/05/2022,09:00:00,76.07,84.95,73.06,80.13,5381381.799
2022-05-11 09:00:00,11/05/2022,09:00:00,80.12,82.77,64.0,66.57,6744274.322
2022-05-12 09:00:00,12/05/2022,09:00:00,66.56,69.87,54.28,64.38,7416759.629
2022-05-13 09:00:00,13/05/2022,09:00:00,64.38,73.2,63.12,67.84,3546499.917
2022-05-14 09:00:00,14/05/2022,09:00:00,67.83,70.26,64.1,68.83,2069488.765
2022-05-15 09:00:00,15/05/2022,09:00:00,68.83,71.72,65.9,71.49,1806665.452
2022-05-16 09:00:00,16/05/2022,09:00:00,71.49,71.58,64.87,67.16,2176088.146
2022-05-17 09:00:00,17/05/2022,09:00:00,67.17,73.86,66.91,73.06,3051767.946
2022-05-18 09:00:00,18/05/2022,09:00:00,73.05,74.31,65.68,65.93,3170699.815
2022-05-19 09:00:00,19/05/2022,09:00:00,65.92,72.66,64.56,72.1,2843978.877
2022-05-20 09:00:00,20/05/2022,09:00:00,72.1,73.38,66.71,68.53,3400637.278
2022-05-21 09:00:00,21/05/2022,09:00:00,68.52,70.66,67.76,69.8,1500347.352
2022-05-22 09:00:00,22/05/2022,09:00:00,69.8,72.5,69.33,71.64,1474646.013
2022-05-23 09:00:00,23/05/2022,09:00:00,71.63,73.95,68.25,69.01,3084434.424
2022-05-24 09:00:00,24/05/2022,09:00:00,69.02,70.84,67.02,70.23,2353626.167
2022-05-25 09:00:00,25/05/2022,09:00:00,70.23,71.67,67.78,68.18,2005832.937
2022-05-26 09:00:00,26/05/2022,09:00:00,68.18,68.78,60.31,63.35,3630846.408
2022-05-27 09:00:00,27/05/2022,09:00:00,63.34,64.07,60.88,61.55,3367714.743
2022-05-28 09:00:00,28/05/2022,09:00:00,61.55,63.99,61.22,63.0,1729379.947
2022-05-29 09:00:00,29/05/2022,09:00:00,63.01,64.38,61.81,63.61,1702266.383
2022-05-30 09:00:00,30/05/2022,09:00:00,63.61,69.81,63.22,69.09,2315909.337
2022-05-31 09:00:00,31/05/2022,09:00:00,69.05,69.75,66.67,68.36,1954175.399
2022-06-01 09:00:00,01/06/2022,09:00:00,68.38,70.62,61.62,62.66,2875003.839
2022-06-02 09:00:00,02/06/2022,09:00:00,62.67,64.73,62.01,64.39,1654847.188
2022-06-03 09:00:00,03/06/2022,09:00:00,64.38,64.86,61.32,62.58,1626131.516
2022-06-04 09:00:00,04/06/2022,09:00:00,62.57,64.34,61.18,63.71,1058535.805
2022-06-05 09:00:00,05/06/2022,09:00:00,63.7,63.88,61.63,63.1,1213600.49
2022-06-06 09:00:00,06/06/2022,09:00:00,63.1,66.52,62.86,64.4,1830696.557
2022-06-07 09:00:00,07/06/2022,09:00:00,64.4,65.46,60.06,63.78,2413493.559
2022-06-08 09:00:00,08/06/2022,09:00:00,63.79,64.46,61.0,61.34,2497900.526
2022-06-09 09:00:00,09/06/2022,09:00:00,61.34,62.37,59.11,60.17,2006614.71
2022-06-10 09:00:00,10/06/2022,09:00:00,60.18,60.38,55.5,56.63,2862894.962
2022-06-11 09:00:00,11/06/2022,09:00:00,56.62,57.75,51.6,52.14,3503364.535
2022-06-12 09:00:00,12/06/2022,09:00:00,52.14,52.6,47.23,47.88,3788279.747
2022-06-13 09:00:00,13/06/2022,09:00:00,47.89,48.27,40.95,43.44,8576318.44
2022-06-14 09:00:00,14/06/2022,09:00:00,43.43,46.49,40.29,46.13,5498378.004
2022-06-15 09:00:00,15/06/2022,09:00:00,46.13,50.97,41.59,50.63,5890377.723
2022-06-16 09:00:00,16/06/2022,09:00:00,50.64,51.2,43.92,44.76,4069951.324
2022-06-17 09:00:00,17/06/2022,09:00:00,44.76,48.37,44.38,47.56,3579218.803
2022-06-18 09:00:00,18/06/2022,09:00:00,47.56,48.32,41.45,47.11,5551453.632
2022-06-19 09:00:00,19/06/2022,09:00:00,47.13,56.41,44.86,54.26,9935387.099
2022-06-20 09:00:00,20/06/2022,09:00:00,54.27,54.78,51.27,52.73,5803518.359
2022-06-21 09:00:00,21/06/2022,09:00:00,52.72,55.66,51.81,53.5,3942245.741
2022-06-22 09:00:00,22/06/2022,09:00:00,53.51,53.52,50.38,52.11,3146375.387
2022-06-23 09:00:00,23/06/2022,09:00:00,52.11,56.78,51.84,55.71,3821521.487
2022-06-24 09:00:00,24/06/2022,09:00:00,55.7,57.34,54.3,55.8,2952657.86
2022-06-25 09:00:00,25/06/2022,09:00:00,55.79,59.77,54.53,58.87,3076274.832
2022-06-26 09:00:00,26/06/2022,09:00:00,58.86,60.5,56.52,56.56,3017562.011
2022-06-27 09:00:00,27/06/2022,09:00:00,56.56,58.58,54.73,55.86,2424053.088
2022-06-28 09:00:00,28/06/2022,09:00:00,55.86,57.0,52.5,52.67,2808195.743
2022-06-29 09:00:00,29/06/2022,09:00:00,52.67,54.42,51.31,53.65,3055555.155
2022-06-30 09:00:00,30/06/2022,09:00:00,53.64,54.0,50.06,53.8,3665835.745
2022-07-01 09:00:00,01/07/2022,09:00:00,53.8,56.47,50.0,51.16,3908016.105
2022-07-02 09:00:00,02/07/2022,09:00:00,51.16,51.63,49.71,50.51,2171223.962
2022-07-03 09:00:00,03/07/2022,09:00:00,50.51,52.15,49.07,50.92,2257124.374
2022-07-04 09:00:00,04/07/2022,09:00:00,50.91,52.39,49.65,52.23,2119633.881
2022-07-05 09:00:00,05/07/2022,09:00:00,52.22,52.46,47.86,49.67,3552572.499
2022-07-06 09:00:00,06/07/2022,09:00:00,49.66,51.2,48.9,50.32,2537559.435
2022-07-07 09:00:00,07/07/2022,09:00:00,50.32,52.62,49.75,52.13,2386270.467
2022-07-08 09:00:00,08/07/2022,09:00:00,52.13,53.96,50.74,51.3,3112668.641
2022-07-09 09:00:00,09/07/2022,09:00:00,51.29,54.83,51.28,54.05,2057805.669
2022-07-10 09:00:00,10/07/2022,09:00:00,54.05,55.03,50.6,52.09,5092713.314
2022-07-11 09:00:00,11/07/2022,09:00:00,52.08,52.23,48.2,48.65,2512696.644
2022-07-12 09:00:00,12/07/2022,09:00:00,48.65,49.31,47.21,47.28,2215169.688
2022-07-13 09:00:00,13/07/2022,09:00:00,47.27,49.71,46.2,49.5,3039764.37
2022-07-14 09:00:00,14/07/2022,09:00:00,49.5,51.74,47.92,51.29,2288760.327
2022-07-15 09:00:00,15/07/2022,09:00:00,51.29,52.73,50.61,51.75,2310897.713
2022-07-16 09:00:00,16/07/2022,09:00:00,51.74,55.55,51.03,55.06,2240584.761
2022-07-17 09:00:00,17/07/2022,09:00:00,55.05,57.0,54.32,55.75,2630545.485
2022-07-18 09:00:00,18/07/2022,09:00:00,55.73,59.31,55.2,58.55,3281973.972
2022-07-19 09:00:00,19/07/2022,09:00:00,58.55,59.61,55.78,57.87,3170115.729
2022-07-20 09:00:00,20/07/2022,09:00:00,57.88,61.73,56.34,57.16,4377649.106
2022-07-21 09:00:00,21/07/2022,09:00:00,57.16,58.63,55.11,57.99,2756413.968
2022-07-22 09:00:00,22/07/2022,09:00:00,57.99,59.18,55.46,56.05,2251053.912
2022-07-23 09:00:00,23/07/2022,09:00:00,56.05,57.22,54.44,56.28,1684419.224
2022-07-24 09:00:00,24/07/2022,09:00:00,56.28,59.8,56.26,58.33,2274475.198
2022-07-25 09:00:00,25/07/2022,09:00:00,58.34,58.99,53.83,53.93,2621784.589
2022-07-26 09:00:00,26/07/2022,09:00:00,53.93,54.12,51.9,53.84,2239831.94
2022-07-27 09:00:00,27/07/2022,09:00:00,53.84,59.09,52.96,58.98,2664811.609
2022-07-28 09:00:00,28/07/2022,09:00:00,58.99,64.31,57.9,63.4,3478355.368
2022-07-29 09:00:00,29/07/2022,09:00:00,63.39,64.59,59.69,60.61,3094428.682
2022-07-30 09:00:00,30/07/2022,09:00:00,60.62,64.06,59.86,60.4,2781657.071
2022-07-31 09:00:00,31/07/2022,09:00:00,60.42,63.02,59.48,59.71,1957662.935
2022-08-01 09:00:00,01/08/2022,09:00:00,59.7,60.71,58.21,59.43,1992756.329
2022-08-02 09:00:00,02/08/2022,09:00:00,59.43,59.83,56.57,58.04,2235067.153
2022-08-03 09:00:00,03/08/2022,09:00:00,58.04,60.11,56.66,57.7,1994815.949
2022-08-04 09:00:00,04/08/2022,09:00:00,57.7,60.79,57.53,59.61,2276900.619
2022-08-05 09:00:00,05/08/2022,09:00:00,59.61,62.59,59.57,62.45,2330785.249
2022-08-06 09:00:00,06/08/2022,09:00:00,62.46,62.59,60.46,60.8,1194201.608
2022-08-07 09:00:00,07/08/2022,09:00:00,60.8,62.0,59.78,61.06,1449702.058
2022-08-08 09:00:00,08/08/2022,09:00:00,61.07,64.13,60.76,62.57,1999807.46
2022-08-09 09:00:00,09/08/2022,09:00:00,62.57,62.83,58.14,59.11,2150419.735
2022-08-10 09:00:00,10/08/2022,09:00:00,59.11,62.29,57.39,61.57,2617981.846
2022-08-11 09:00:00,11/08/2022,09:00:00,61.57,63.45,61.44,61.82,2243474.564
2022-08-12 09:00:00,12/08/2022,09:00:00,61.82,63.05,60.59,62.84,1771684.037
2022-08-13 09:00:00,13/08/2022,09:00:00,62.85,65.65,62.6,63.76,2472203.665
2022-08-14 09:00:00,14/08/2022,09:00:00,63.76,65.81,62.29,63.09,2913511.301
2022-08-15 09:00:00,15/08/2022,09:00:00,63.1,65.29,59.55,60.62,3319954.169
2022-08-16 09:00:00,16/08/2022,09:00:00,60.61,61.73,59.93,61.28,2608820.105
2022-08-17 09:00:00,17/08/2022,09:00:00,61.28,64.72,59.6,60.49,4253926.902
2022-08-18 09:00:00,18/08/2022,09:00:00,60.49,61.67,59.26,59.98,2443738.987
2022-08-19 09:00:00,19/08/2022,09:00:00,59.98,60.14,53.19,53.95,4520589.512
2022-08-20 09:00:00,20/08/2022,09:00:00,53.95,55.58,52.59,54.07,3177292.731
2022-08-21 09:00:00,21/08/2022,09:00:00,54.06,55.96,53.76,55.62,2363332.743
2022-08-22 09:00:00,22/08/2022,09:00:00,55.62,57.44,52.24,57.19,5230354.087
2022-08-23 09:00:00,23/08/2022,09:00:00,57.19,57.74,53.87,57.05,3506971.428
2022-08-24 09:00:00,24/08/2022,09:00:00,57.05,57.66,55.5,56.41,2715583.744
2022-08-25 09:00:00,25/08/2022,09:00:00,56.41,57.52,55.74,56.6,2235129.753
2022-08-26 09:00:00,26/08/2022,09:00:00,56.59,58.3,52.0,52.64,4218914.91
2022-08-27 09:00:00,27/08/2022,09:00:00,52.64,53.45,51.61,52.96,2217549.77
2022-08-28 09:00:00,28/08/2022,09:00:00,52.96,55.99,52.44,53.38,4099695.283
2022-08-29 09:00:00,29/08/2022,09:00:00,53.37,56.68,52.45,55.75,4915480.45
2022-08-30 09:00:00,30/08/2022,09:00:00,55.74,56.22,51.76,52.97,3791530.567
2022-08-31 09:00:00,31/08/2022,09:00:00,52.98,55.22,52.97,53.8,2975051.833
2022-09-01 09:00:00,01/09/2022,09:00:00,53.81,57.77,53.15,57.55,5770271.695
2022-09-02 09:00:00,02/09/2022,09:00:00,57.54,62.45,56.45,60.96,7741188.209
2022-09-03 09:00:00,03/09/2022,09:00:00,60.96,62.21,59.46,60.11,6556436.041
2022-09-04 09:00:00,04/09/2022,09:00:00,60.1,60.96,58.57,60.86,4066506.213
2022-09-05 09:00:00,05/09/2022,09:00:00,60.86,61.59,59.22,60.36,4305270.457
2022-09-06 09:00:00,06/09/2022,09:00:00,60.37,62.71,53.95,54.09,7211969.836
2022-09-07 09:00:00,07/09/2022,09:00:00,54.07,58.25,52.88,57.29,4478421.937
2022-09-08 09:00:00,08/09/2022,09:00:00,57.29,58.61,56.01,57.93,3720068.24
2022-09-09 09:00:00,09/09/2022,09:00:00,57.93,61.95,57.66,61.09,3538263.805
2022-09-10 09:00:00,10/09/2022,09:00:00,61.1,64.7,60.52,63.26,3975728.656
2022-09-11 09:00:00,11/09/2022,09:00:00,63.26,64.44,61.26,62.12,2567889.544
2022-09-12 09:00:00,12/09/2022,09:00:00,62.13,63.2,60.01,61.35,3217453.592
2022-09-13 09:00:00,13/09/2022,09:00:00,61.36,67.48,58.28,59.04,8993566.576
2022-09-14 09:00:00,14/09/2022,09:00:00,59.04,61.14,58.0,60.15,3936096.95
2022-09-15 09:00:00,15/09/2022,09:00:00,60.14,60.79,55.78,56.31,4400822.412
2022-09-16 09:00:00,16/09/2022,09:00:00,56.31,56.89,54.54,55.91,3529358.852
2022-09-17 09:00:00,17/09/2022,09:00:00,55.91,58.39,55.77,57.79,2092183.639
2022-09-18 09:00:00,18/09/2022,09:00:00,57.79,57.82,51.98,52.6,2996061.101
2022-09-19 09:00:00,19/09/2022,09:00:00,52.61,53.7,49.96,52.84,4145509.493
2022-09-20 09:00:00,20/09/2022,09:00:00,52.83,53.8,50.8,52.29,4119870.364
2022-09-21 09:00:00,21/09/2022,09:00:00,52.29,55.5,50.2,51.02,5929951.368
2022-09-22 09:00:00,22/09/2022,09:00:00,51.01,54.07,50.56,53.52,3042835.167
2022-09-23 09:00:00,23/09/2022,09:00:00,53.52,55.31,51.31,55.2,4657983.307
2022-09-24 09:00:00,24/09/2022,09:00:00,55.21,55.94,53.13,53.37,2848126.896
2022-09-25 09:00:00,25/09/2022,09:00:00,53.37,54.39,52.19,52.49,2202098.1
2022-09-26 09:00:00,26/09/2022,09:00:00,52.48,53.7,51.83,53.4,3014250.521
2022-09-27 09:00:00,27/09/2022,09:00:00,53.4,55.61,51.76,52.6,3924412.288
2022-09-28 09:00:00,28/09/2022,09:00:00,52.61,53.81,50.89,53.25,3353687.544
2022-09-29 09:00:00,29/09/2022,09:00:00,53.25,54.15,52.2,53.92,3007717.312
2022-09-30 09:00:00,30/09/2022,09:00:00,53.93,55.08,52.82,53.46,2785032.16
2022-10-01 09:00:00,01/10/2022,09:00:00,53.45,53.81,52.42,52.87,1474595.973
2022-10-02 09:00:00,02/10/2022,09:00:00,52.87,53.41,51.63,51.77,1799231.377
2022-10-03 09:00:00,03/10/2022,09:00:00,51.77,54.32,51.42,54.13,2541281.72
2022-10-04 09:00:00,04/10/2022,09:00:00,54.13,55.72,53.84,55.24,2510738.19
2022-10-05 09:00:00,05/10/2022,09:00:00,55.24,55.27,53.25,54.59,2684738.403
2022-10-06 09:00:00,06/10/2022,09:00:00,54.59,55.03,53.3,53.52,2448851.631
2022-10-07 09:00:00,07/10/2022,09:00:00,53.51,53.81,52.25,52.82,2362990.425
2022-10-08 09:00:00,08/10/2022,09:00:00,52.82,53.53,52.37,52.76,1435090.376
2022-10-09 09:00:00,09/10/2022,09:00:00,52.75,53.98,52.66,53.88,1492056.58
2022-10-10 09:00:00,10/10/2022,09:00:00,53.87,54.45,52.4,52.6,3061143.794
2022-10-11 09:00:00,11/10/2022,09:00:00,52.61,52.67,51.18,51.99,2468520.891
2022-10-12 09:00:00,12/10/2022,09:00:00,51.99,52.96,51.56,52.18,2113555.066
2022-10-13 09:00:00,13/10/2022,09:00:00,52.18,52.47,48.26,51.06,4451857.931
2022-10-14 09:00:00,14/10/2022,09:00:00,51.05,52.55,50.87,51.26,2355519.42
2022-10-15 09:00:00,15/10/2022,09:00:00,51.26,51.64,50.23,50.36,1317244.958
2022-10-16 09:00:00,16/10/2022,09:00:00,50.36,51.79,50.25,51.39,1497853.486
2022-10-17 09:00:00,17/10/2022,09:00:00,51.38,52.14,51.01,51.8,1644214.168
2022-10-18 09:00:00,18/10/2022,09:00:00,51.8,52.18,50.7,51.84,2155017.013
2022-10-19 09:00:00,19/10/2022,09:00:00,51.83,51.99,50.69,50.89,1737136.349
2022-10-20 09:00:00,20/10/2022,09:00:00,50.89,52.08,50.54,51.19,2255669.498
2022-10-21 09:00:00,21/10/2022,09:00:00,51.19,51.78,49.5,51.6,2447579.295
2022-10-22 09:00:00,22/10/2022,09:00:00,51.61,52.47,51.32,52.14,1261370.155
2022-10-23 09:00:00,23/10/2022,09:00:00,52.14,54.0,51.8,53.99,1868176.076
2022-10-24 09:00:00,24/10/2022,09:00:00,54.0,54.18,52.07,52.49,2258187.393
2022-10-25 09:00:00,25/10/2022,09:00:00,52.5,56.79,52.25,55.91,3478634.144
2022-10-26 09:00:00,26/10/2022,09:00:00,55.91,57.62,55.64,56.34,3091377.08
2022-10-27 09:00:00,27/10/2022,09:00:00,56.34,56.66,54.43,54.73,3212041.898
2022-10-28 09:00:00,28/10/2022,09:00:00,54.73,55.57,53.44,54.89,2462220.477
2022-10-29 09:00:00,29/10/2022,09:00:00,54.88,57.59,54.58,56.55,2808054.533
2022-10-30 09:00:00,30/10/2022,09:00:00,56.55,57.48,54.67,55.33,2090385.672
2022-10-31 09:00:00,31/10/2022,09:00:00,55.34,56.37,53.94,54.99,2480380.415
2022-11-01 09:00:00,01/11/2022,09:00:00,54.98,55.89,54.44,55.06,1772342.492
2022-11-02 09:00:00,02/11/2022,09:00:00,55.06,62.96,54.57,60.91,14408858.805
2022-11-03 09:00:00,03/11/2022,09:00:00,60.9,64.74,60.03,61.8,8538549.978
2022-11-04 09:00:00,04/11/2022,09:00:00,61.8,70.48,61.62,67.55,7819520.529
2022-11-05 09:00:00,05/11/2022,09:00:00,67.56,71.98,67.03,69.21,6542133.254
2022-11-06 09:00:00,06/11/2022,09:00:00,69.21,70.84,67.44,68.19,4872792.257
2022-11-07 09:00:00,07/11/2022,09:00:00,68.19,73.31,66.13,67.38,10119003.949
2022-11-08 09:00:00,08/11/2022,09:00:00,67.39,68.8,53.45,57.74,12700855.307
2022-11-09 09:00:00,09/11/2022,09:00:00,57.74,59.77,47.38,50.64,10438260.425
2022-11-10 09:00:00,10/11/2022,09:00:00,50.64,61.32,49.61,60.53,7701910.767
2022-11-11 09:00:00,11/11/2022,09:00:00,60.53,64.3,58.41,61.43,7429265.528
2022-11-12 09:00:00,12/11/2022,09:00:00,61.45,61.74,58.1,59.91,3374190.37
2022-11-13 09:00:00,13/11/2022,09:00:00,59.91,60.29,56.12,57.32,2789575.613
2022-11-14 09:00:00,14/11/2022,09:00:00,57.33,59.24,53.4,56.64,5343582.718
2022-11-15 09:00:00,15/11/2022,09:00:00,56.64,59.51,56.42,57.98,3191760.863
2022-11-16 09:00:00,16/11/2022,09:00:00,57.98,60.14,56.66,57.45,3581406.861
2022-11-17 09:00:00,17/11/2022,09:00:00,57.44,63.33,56.95,62.5,6672739.106
2022-11-18 09:00:00,18/11/2022,09:00:00,62.5,63.89,61.53,62.6,7143297.472
2022-11-19 09:00:00,19/11/2022,09:00:00,62.6,64.59,61.25,63.93,5894745.769
2022-11-20 09:00:00,20/11/2022,09:00:00,63.93,64.9,60.33,62.06,6350071.355
2022-11-21 09:00:00,21/11/2022,09:00:00,62.06,63.49,59.17,61.29,11702419.02
2022-11-22 09:00:00,22/11/2022,09:00:00,61.29,71.3,61.02,70.6,17638174.917
2022-11-23 09:00:00,23/11/2022,09:00:00,70.6,84.9,69.57,78.96,21233788.726
2022-11-24 09:00:00,24/11/2022,09:00:00,78.96,79.5,74.9,78.64,11428506.689
2022-11-25 09:00:00,25/11/2022,09:00:00,78.63,79.99,73.12,74.04,10639165.84
2022-11-26 09:00:00,26/11/2022,09:00:00,74.05,79.66,73.83,76.43,9286897.65
2022-11-27 09:00:00,27/11/2022,09:00:00,76.43,79.21,74.02,74.88,7450291.538
2022-11-28 09:00:00,28/11/2022,09:00:00,74.88,75.3,70.49,73.9,10143534.209
2022-11-29 09:00:00,29/11/2022,09:00:00,73.9,78.0,73.35,75.76,8683001.286
2022-11-30 09:00:00,30/11/2022,09:00:00,75.76,80.9,75.36,79.11,7878087.603
2022-12-01 09:00:00,01/12/2022,09:00:00,79.1,80.62,76.19,77.55,6505287.053
2022-12-02 09:00:00,02/12/2022,09:00:00,77.55,78.12,75.22,77.86,3933314.832
2022-12-03 09:00:00,03/12/2022,09:00:00,77.87,78.05,75.4,76.42,2762946.877
2022-12-04 09:00:00,04/12/2022,09:00:00,76.42,77.6,75.73,77.04,3108118.612
2022-12-05 09:00:00,05/12/2022,09:00:00,77.03,85.0,76.77,80.15,11719067.9
2022-12-06 09:00:00,06/12/2022,09:00:00,80.16,81.75,77.62,79.84,5511849.208
2022-12-07 09:00:00,07/12/2022,09:00:00,79.84,80.36,75.41,76.85,5654173.475
2022-12-08 09:00:00,08/12/2022,09:00:00,76.86,78.69,74.1,78.22,6387822.761
2022-12-09 09:00:00,09/12/2022,09:00:00,78.23,78.83,75.79,76.29,4192325.574
2022-12-10 09:00:00,10/12/2022,09:00:00,76.29,77.43,75.61,76.3,2035668.345
2022-12-11 09:00:00,11/12/2022,09:00:00,76.3,78.38,76.24,76.46,2978087.156
2022-12-12 09:00:00,12/12/2022,09:00:00,76.46,76.7,73.5,76.18,4429302.409
2022-12-13 09:00:00,13/12/2022,09:00:00,76.19,79.8,74.29,77.37,5948667.702
2022-12-14 09:00:00,14/12/2022,09:00:00,77.36,79.1,74.13,75.32,4494486.774
2022-12-15 09:00:00,15/12/2022,09:00:00,75.31,75.49,71.58,72.41,4295692.088
2022-12-16 09:00:00,16/12/2022,09:00:00,72.41,73.56,64.81,66.21,6931933.653
2022-12-17 09:00:00,17/12/2022,09:00:00,66.21,67.68,62.3,64.85,6446847.486
2022-12-18 09:00:00,18/12/2022,09:00:00,64.85,65.93,63.0,64.37,3988429.191
2022-12-19 09:00:00,19/12/2022,09:00:00,64.37,65.0,60.92,63.32,5455990.99
2022-12-20 09:00:00,20/12/2022,09:00:00,63.32,66.3,63.04,65.5,5722652.016
2022-12-21 09:00:00,21/12/2022,09:00:00,65.51,66.8,64.57,65.36,4128628.908
2022-12-22 09:00:00,22/12/2022,09:00:00,65.36,66.67,64.21,66.16,4001556.483
2022-12-23 09:00:00,23/12/2022,09:00:00,66.16,66.71,64.67,65.71,2556043.408
2022-12-24 09:00:00,24/12/2022,09:00:00,65.71,66.0,65.01,65.73,1255587.997
2022-12-25 09:00:00,25/12/2022,09:00:00,65.73,69.69,65.24,69.11,4045547.012
2022-12-26 09:00:00,26/12/2022,09:00:00,69.1,72.0,68.55,70.73,6662536.698
2022-12-27 09:00:00,27/12/2022,09:00:00,70.73,71.13,67.71,68.62,5585913.096
2022-12-28 09:00:00,28/12/2022,09:00:00,68.62,69.46,65.61,66.27,5617908.228
2022-12-29 09:00:00,29/12/2022,09:00:00,66.28,67.25,65.52,66.62,3513067.381
2022-12-30 09:00:00,30/12/2022,09:00:00,66.62,68.67,66.0,67.92,4161504.843
2022-12-31 09:00:00,31/12/2022,09:00:00,67.92,71.12,67.6,70.15,4873987.208
2023-01-01 09:00:00,01/01/2023,09:00:00,70.14,71.53,68.85,70.88,4429603.128
2023-01-02 09:00:00,02/01/2023,09:00:00,70.89,78.11,70.01,74.69,8202445.942
2023-01-03 09:00:00,03/01/2023,09:00:00,74.69,76.48,73.62,75.53,5829025.015
2023-01-04 09:00:00,04/01/2023,09:00:00,75.54,78.0,74.24,75.42,6384696.246
2023-01-05 09:00:00,05/01/2023,09:00:00,75.42,76.26,73.51,74.21,4408969.845
2023-01-06 09:00:00,06/01/2023,09:00:00,74.22,76.56,72.23,75.89,6165255.413
2023-01-07 09:00:00,07/01/2023,09:00:00,75.9,76.9,75.41,76.36,2876275.43
2023-01-08 09:00:00,08/01/2023,09:00:00,76.37,81.66,75.03,78.7,4273835.453
2023-01-09 09:00:00,09/01/2023,09:00:00,78.68,83.66,78.08,81.66,8632307.127
2023-01-10 09:00:00,10/01/2023,09:00:00,81.65,82.89,79.49,80.92,4476539.21
2023-01-11 09:00:00,11/01/2023,09:00:00,80.92,85.15,79.9,84.09,7349563.144
2023-01-12 09:00:00,12/01/2023,09:00:00,84.09,88.0,80.66,86.08,8653049.266
2023-01-13 09:00:00,13/01/2023,09:00:00,86.07,88.11,83.55,86.24,5837187.635
2023-01-14 09:00:00,14/01/2023,09:00:00,86.23,92.0,85.91,87.92,8322720.945
2023-01-15 09:00:00,15/01/2023,09:00:00,87.91,88.8,85.2,87.45,3645878.403
2023-01-16 09:00:00,16/01/2023,09:00:00,87.45,89.29,83.25,85.95,4332951.049
2023-01-17 09:00:00,17/01/2023,09:00:00,85.94,89.5,84.5,87.05,5147888.122
2023-01-18 09:00:00,18/01/2023,09:00:00,87.05,88.44,82.0,82.64,5275319.284
2023-01-19 09:00:00,19/01/2023,09:00:00,82.64,84.59,81.64,84.19,2753708.743
2023-01-20 09:00:00,20/01/2023,09:00:00,84.18,91.36,83.0,90.29,4071851.791
2023-01-21 09:00:00,21/01/2023,09:00:00,90.28,92.31,87.59,87.97,4093149.067
2023-01-22 09:00:00,22/01/2023,09:00:00,87.97,90.08,86.52,87.6,3093210.03
2023-01-23 09:00:00,23/01/2023,09:00:00,87.6,93.25,87.55,90.0,4539848.664
2023-01-24 09:00:00,24/01/2023,09:00:00,90.0,91.53,86.0,87.18,3131311.235
2023-01-25 09:00:00,25/01/2023,09:00:00,87.18,92.0,85.5,89.43,3363777.725
2023-01-26 09:00:00,26/01/2023,09:00:00,89.42,90.03,86.84,87.51,2558364.707
2023-01-27 09:00:00,27/01/2023,09:00:00,87.52,89.24,85.79,88.95,2183316.13
2023-01-28 09:00:00,28/01/2023,09:00:00,88.94,90.04,86.97,89.71,1922679.073
2023-01-29 09:00:00,29/01/2023,09:00:00,89.71,97.9,89.69,94.94,7981920.597
2023-01-30 09:00:00,30/01/2023,09:00:00,94.94,96.1,88.0,91.31,5622136.012
2023-01-31 09:00:00,31/01/2023,09:00:00,91.31,96.25,91.26,94.11,5482173.853
2023-02-01 09:00:00,01/02/2023,09:00:00,94.12,102.72,93.72,100.44,7400870.118
2023-02-02 09:00:00,02/02/2023,09:00:00,100.44,102.5,97.94,98.72,4224026.293
2023-02-03 09:00:00,03/02/2023,09:00:00,98.73,100.8,97.5,99.94,3082151.008
2023-02-04 09:00:00,04/02/2023,09:00:00,99.94,101.44,98.24,98.51,1935236.47
2023-02-05 09:00:00,05/02/2023,09:00:00,98.51,98.88,94.75,96.63,2406026.576
2023-02-06 09:00:00,06/02/2023,09:00:00,96.63,97.99,94.77,95.97,2544384.435
2023-02-07 09:00:00,07/02/2023,09:00:00,95.96,101.69,95.91,100.9,4282784.081
2023-02-08 09:00:00,08/02/2023,09:00:00,100.9,102.45,96.8,99.19,3569915.888
2023-02-09 09:00:00,09/02/2023,09:00:00,99.2,99.52,89.88,92.01,5577916.83
2023-02-10 09:00:00,10/02/2023,09:00:00,92.01,94.18,91.01,93.31,4187800.592
2023-02-11 09:00:00,11/02/2023,09:00:00,93.3,94.77,92.61,94.24,2742692.156
2023-02-12 09:00:00,12/02/2023,09:00:00,94.23,94.52,90.83,92.43,2465823.814
2023-02-13 09:00:00,13/02/2023,09:00:00,92.43,94.99,88.11,90.98,5291126.355
2023-02-14 09:00:00,14/02/2023,09:00:00,90.99,95.95,90.25,95.76,4733081.669
2023-02-15 09:00:00,15/02/2023,09:00:00,95.75,103.36,94.97,102.82,5635093.21
2023-02-16 09:00:00,16/02/2023,09:00:00,102.82,105.86,98.5,98.6,5729491.857
2023-02-17 09:00:00,17/02/2023,09:00:00,98.6,101.76,98.23,100.21,4373481.385
2023-02-18 09:00:00,18/02/2023,09:00:00,100.2,101.96,98.89,99.72,3275878.339
2023-02-19 09:00:00,19/02/2023,09:00:00,99.71,101.54,96.69,97.44,3823723.014
2023-02-20 09:00:00,20/02/2023,09:00:00,97.44,98.8,94.52,95.96,5021485.947
2023-02-21 09:00:00,21/02/2023,09:00:00,95.97,96.85,91.55,93.81,5128127.221
2023-02-22 09:00:00,22/02/2023,09:00:00,93.81,95.55,91.55,95.22,6024725.069
2023-02-23 09:00:00,23/02/2023,09:00:00,95.22,96.3,93.31,94.59,3872339.316
2023-02-24 09:00:00,24/02/2023,09:00:00,94.59,95.26,89.71,91.51,3693058.085
2023-02-25 09:00:00,25/02/2023,09:00:00,91.51,93.45,90.24,93.1,3032163.09
2023-02-26 09:00:00,26/02/2023,09:00:00,93.09,95.51,92.72,95.23,2633726.255
2023-02-27 09:00:00,27/02/2023,09:00:00,95.23,96.06,92.38,94.02,3295730.063
2023-02-28 09:00:00,28/02/2023,09:00:00,94.02,95.99,92.94,93.76,3079969.319
2023-03-01 09:00:00,01/03/2023,09:00:00,93.76,98.36,93.52,97.74,3886533.88
2023-03-02 09:00:00,02/03/2023,09:00:00,97.73,98.34,93.88,95.32,3553615.027
2023-03-03 09:00:00,03/03/2023,09:00:00,95.33,95.43,85.29,90.51,4725594.217
2023-03-04 09:00:00,04/03/2023,09:00:00,90.51,90.82,87.32,89.29,2555389.907
2023-03-05 09:00:00,05/03/2023,09:00:00,89.3,91.73,89.15,89.9,2886614.868
2023-03-06 09:00:00,06/03/2023,09:00:00,89.9,90.57,86.46,87.3,3678363.164
2023-03-07 09:00:00,07/03/2023,09:00:00,87.3,88.92,83.75,86.27,4985734.702
2023-03-08 09:00:00,08/03/2023,09:00:00,86.28,86.65,81.19,82.72,4772075.55
2023-03-09 09:00:00,09/03/2023,09:00:00,82.71,84.91,74.88,76.62,6637861.458
2023-03-10 09:00:00,10/03/2023,09:00:00,76.63,76.76,68.0,71.36,11595225.08
2023-03-11 09:00:00,11/03/2023,09:00:00,71.37,73.78,65.0,69.16,10294786.057
2023-03-12 09:00:00,12/03/2023,09:00:00,69.15,76.51,67.35,76.31,8366861.878
2023-03-13 09:00:00,13/03/2023,09:00:00,76.31,83.2,73.81,81.49,9823900.294
2023-03-14 09:00:00,14/03/2023,09:00:00,81.49,88.36,79.18,83.97,8324218.252
2023-03-15 09:00:00,15/03/2023,09:00:00,83.96,85.46,75.0,76.4,8398452.041
2023-03-16 09:00:00,16/03/2023,09:00:00,76.4,79.86,75.55,78.82,5882379.606
2023-03-17 09:00:00,17/03/2023,09:00:00,78.83,85.55,78.12,85.47,6581602.985
2023-03-18 09:00:00,18/03/2023,09:00:00,85.47,87.93,81.85,83.01,6689627.688
2023-03-19 09:00:00,19/03/2023,09:00:00,83.01,86.35,82.07,83.98,4876201.091
2023-03-20 09:00:00,20/03/2023,09:00:00,83.99,84.3,77.69,78.04,6319473.413
2023-03-21 09:00:00,21/03/2023,09:00:00,78.04,83.52,76.58,82.45,6046833.224
2023-03-22 09:00:00,22/03/2023,09:00:00,82.45,88.29,79.14,87.24,10111177.991
2023-03-23 09:00:00,23/03/2023,09:00:00,87.23,94.66,85.56,93.56,15274018.345
2023-03-24 09:00:00,24/03/2023,09:00:00,93.56,96.0,88.88,93.51,10561420.108
2023-03-25 09:00:00,25/03/2023,09:00:00,93.51,94.28,89.95,91.43,5382356.215
2023-03-26 09:00:00,26/03/2023,09:00:00,91.43,94.78,90.5,93.27,5187367.281
2023-03-27 09:00:00,27/03/2023,09:00:00,93.27,94.11,87.5,89.17,6555368.27
2023-03-28 09:00:00,28/03/2023,09:00:00,89.18,89.58,85.5,89.06,6571672.833
2023-03-29 09:00:00,29/03/2023,09:00:00,89.07,93.0,88.86,91.25,4670155.353
2023-03-30 09:00:00,30/03/2023,09:00:00,91.26,93.3,86.45,89.02,5508665.218
2023-03-31 09:00:00,31/03/2023,09:00:00,89.01,90.24,87.18,89.54,3450177.175
2023-04-01 09:00:00,01/04/2023,09:00:00,89.54,94.31,89.32,92.51,4851289.031
2023-04-02 09:00:00,02/04/2023,09:00:00,92.5,94.58,90.26,92.75,5218556.255
2023-04-03 09:00:00,03/04/2023,09:00:00,92.75,95.87,89.25,92.93,6531373.154
2023-04-04 09:00:00,04/04/2023,09:00:00,92.93,94.06,91.53,92.51,3176422.549
2023-04-05 09:00:00,05/04/2023,09:00:00,92.51,95.09,91.0,92.57,4160714.52
2023-04-06 09:00:00,06/04/2023,09:00:00,92.57,92.61,89.7,90.92,2643597.319
2023-04-07 09:00:00,07/04/2023,09:00:00,90.92,91.44,89.01,90.56,1880558.91
2023-04-08 09:00:00,08/04/2023,09:00:00,90.57,91.43,89.19,89.86,1229200.599
2023-04-09 09:00:00,09/04/2023,09:00:00,89.85,91.0,89.07,90.52,1666354.241
2023-04-10 09:00:00,10/04/2023,09:00:00,90.51,94.5,89.8,93.75,3262215.192
2023-04-11 09:00:00,11/04/2023,09:00:00,93.75,97.0,93.13,94.17,4697831.353
2023-04-12 09:00:00,12/04/2023,09:00:00,94.17,94.63,90.76,92.03,4438141.242
2023-04-13 09:00:00,13/04/2023,09:00:00,92.04,94.55,91.61,94.14,2455758.658
2023-04-14 09:00:00,14/04/2023,09:00:00,94.14,99.38,93.6,96.36,5375953.722
2023-04-15 09:00:00,15/04/2023,09:00:00,96.36,97.4,94.68,96.73,1956367.546
2023-04-16 09:00:00,16/04/2023,09:00:00,96.74,102.3,95.11,100.11,5416128.408
2023-04-17 09:00:00,17/04/2023,09:00:00,100.11,100.42,97.31,98.9,4085769.94
2023-04-18 09:00:00,18/04/2023,09:00:00,98.91,103.58,97.59,101.94,4958014.803
2023-04-19 09:00:00,19/04/2023,09:00:00,101.93,101.96,86.45,90.43,6030015.271
2023-04-20 09:00:00,20/04/2023,09:00:00,90.42,92.43,87.1,90.18,5658825.042
2023-04-21 09:00:00,21/04/2023,09:00:00,90.18,90.88,83.5,85.29,5156765.004
2023-04-22 09:00:00,22/04/2023,09:00:00,85.28,87.09,84.71,86.95,2117815.219
2023-04-23 09:00:00,23/04/2023,09:00:00,86.95,87.06,84.02,86.72,2278884.911
2023-04-24 09:00:00,24/04/2023,09:00:00,86.72,88.98,85.81,88.25,3878724.332
2023-04-25 09:00:00,25/04/2023,09:00:00,88.26,91.75,87.12,90.98,5249296.98
2023-04-26 09:00:00,26/04/2023,09:00:00,90.98,93.9,84.0,88.07,6608338.558
2023-04-27 09:00:00,27/04/2023,09:00:00,88.07,90.68,87.0,89.7,4484531.651
2023-04-28 09:00:00,28/04/2023,09:00:00,89.7,90.35,87.58,89.58,2846422.415
2023-04-29 09:00:00,29/04/2023,09:00:00,89.58,91.63,89.16,91.04,2037960.882
2023-04-30 09:00:00,30/04/2023,09:00:00,91.05,91.35,87.69,88.17,2472586.759
2023-05-01 09:00:00,01/05/2023,09:00:00,88.18,88.83,85.05,86.71,2910720.103
2023-05-02 09:00:00,02/05/2023,09:00:00,86.7,89.15,85.96,88.16,3049928.654
2023-05-03 09:00:00,03/05/2023,09:00:00,88.17,89.84,85.3,88.84,3904714.332
2023-05-04 09:00:00,04/05/2023,09:00:00,88.85,89.11,87.35,88.33,1960705.796
2023-05-05 09:00:00,05/05/2023,09:00:00,88.34,89.68,86.0,88.57,3015102.504
2023-05-06 09:00:00,06/05/2023,09:00:00,88.57,89.31,80.45,83.22,4881556.358
2023-05-07 09:00:00,07/05/2023,09:00:00,83.23,84.68,82.88,83.37,2679060.228
2023-05-08 09:00:00,08/05/2023,09:00:00,83.37,85.2,75.0,77.67,6355675.825
2023-05-09 09:00:00,09/05/2023,09:00:00,77.68,80.09,77.26,79.88,3634782.354
2023-05-10 09:00:00,10/05/2023,09:00:00,79.88,82.02,77.0,80.88,5124232.821
2023-05-11 09:00:00,11/05/2023,09:00:00,80.89,81.94,78.24,80.83,5649487.133
2023-05-12 09:00:00,12/05/2023,09:00:00,80.83,81.46,77.0,80.41,5059912.247
2023-05-13 09:00:00,13/05/2023,09:00:00,80.4,81.05,79.65,80.21,2065313.618
2023-05-14 09:00:00,14/05/2023,09:00:00,80.21,83.96,79.5,83.43,3243475.645
2023-05-15 09:00:00,15/05/2023,09:00:00,83.42,88.5,82.05,86.88,7557795.625
2023-05-16 09:00:00,16/05/2023,09:00:00,86.88,90.5,86.1,89.96,8437913.545
2023-05-17 09:00:00,17/05/2023,09:00:00,89.96,94.99,89.51,93.83,11199818.761
2023-05-18 09:00:00,18/05/2023,09:00:00,93.82,94.19,89.13,90.41,6775362.62
2023-05-19 09:00:00,19/05/2023,09:00:00,90.4,93.26,90.21,91.7,5476833.318
2023-05-21 09:00:00,21/05/2023,09:00:00,92.35,93.47,91.06,92.12,3280841.226
2023-05-22 09:00:00,22/05/2023,09:00:00,92.12,92.77,89.72,90.79,3693708.439
2023-05-23 09:00:00,23/05/2023,09:00:00,90.79,93.09,90.3,91.66,3089812.752
2023-05-24 09:00:00,24/05/2023,09:00:00,91.67,91.85,84.1,85.77,7326096.043
2023-05-25 09:00:00,25/05/2023,09:00:00,85.78,86.73,82.47,86.53,4715755.613
2023-05-26 09:00:00,26/05/2023,09:00:00,86.53,88.2,86.0,87.04,4682253.062
2023-05-27 09:00:00,27/05/2023,09:00:00,87.04,88.79,86.84,88.5,2215515.742
2023-05-28 09:00:00,28/05/2023,09:00:00,88.5,92.34,88.08,91.43,4010798.52
2023-05-29 09:00:00,29/05/2023,09:00:00,91.43,92.16,90.11,90.85,3332056.313
2023-05-30 09:00:00,30/05/2023,09:00:00,90.85,93.3,90.5,92.19,3713520.532
2023-05-31 09:00:00,31/05/2023,09:00:00,92.18,92.66,87.53,90.39,4193385.5
2023-06-01 09:00:00,01/06/2023,09:00:00,90.38,95.96,89.12,94.14,9569194.47
2023-06-02 09:00:00,02/06/2023,09:00:00,94.14,95.67,92.54,95.42,5229899.526
2023-06-03 09:00:00,03/06/2023,09:00:00,95.43,97.56,94.11,96.02,4141008.411
2023-06-04 09:00:00,04/06/2023,09:00:00,96.03,96.45,93.61,94.16,3630234.242
2023-06-05 09:00:00,05/06/2023,09:00:00,94.15,94.55,83.16,87.66,8680343.112
2023-06-06 09:00:00,06/06/2023,09:00:00,87.66,91.45,85.55,90.88,6268158.501
2023-06-07 09:00:00,07/06/2023,09:00:00,90.88,91.3,87.37,88.8,5788879.696
2023-06-08 09:00:00,08/06/2023,09:00:00,88.79,89.5,87.06,88.42,3437799.89
2023-06-09 09:00:00,09/06/2023,09:00:00,88.43,89.93,86.35,89.26,3813473.881
2023-06-10 09:00:00,10/06/2023,09:00:00,89.26,89.3,72.53,77.09,13560806.359
2023-06-11 09:00:00,11/06/2023,09:00:00,77.09,78.98,76.09,77.63,4564154.368
2023-06-12 09:00:00,12/06/2023,09:00:00,77.63,77.86,75.0,77.45,5183605.25
2023-06-13 09:00:00,13/06/2023,09:00:00,77.44,79.81,76.21,77.45,5054705.476
2023-06-14 09:00:00,14/06/2023,09:00:00,77.45,78.12,70.21,73.09,5645475.951
2023-06-15 09:00:00,15/06/2023,09:00:00,73.09,75.12,72.02,74.56,4413468.44
2023-06-16 09:00:00,16/06/2023,09:00:00,74.56,76.89,74.04,76.09,4170724.897
2023-06-17 09:00:00,17/06/2023,09:00:00,76.09,77.89,75.67,76.81,2490966.25
